Staff_Key,first_name,last_name,email,phone_num,workplace,specialism
1,Mattheus,Cavan,mcavan0@youku.com,07182355321,University of Reading,Mathematics
2,Erny,Cressar,ecressar1@issuu.com,07478645718,York St John University,Risk Management
3,Carlie,Shepard,cshepard2@networkadvertising.org,07645823233,University of Strathclyde,Machine Learning
4,Ashby,Pendred,apendred3@cisco.com,07931982197,University of Salford,Machine Learning
5,Sunny,Maher,smaher4@yellowpages.com,07625124919,University College London,Machine Learning
6,Lock,Thurlbeck,lthurlbeck5@com.com,07688514167,University of East London,Risk Management
7,Wakefield,Restall,wrestall6@boston.com,07328742395,Edge Hill University,Teaching
8,Walker,Fulker,wfulker7@tamu.edu,07484669996,University of Hertfordshire,Risk Management
9,Ynez,Woltman,ywoltman8@ucla.edu,07396411589,Robert Gordon University Aberdeen,Cloud Computing
10,Charisse,Nisard,cnisard9@livejournal.com,07517342368,University of Salford,Biological Computing
11,Wait,Bodill,wbodilla@a8.net,07894425327,Royal Holloway University of London,Information Systems
12,Geoffry,McKenny,gmckennyb@google.ca,07363474464,Queen’s University Belfast,Biological Computing
13,Rahel,Jamieson,rjamiesonc@tinyurl.com,07483153647,De Montfort University,Cloud Computing
14,Maris,Bamblett,mbamblettd@google.cn,07332698382,Hartpury College,Information Systems
15,Winny,Stell,wstelle@sakura.ne.jp,07339394464,Portsmouth University,Risk Management
16,Luke,Braunes,lbraunesf@twitter.com,07717363126,University of Stirling,Machine Learning
17,Chaunce,Hallatt,challattg@addthis.com,07977384848,Glyndŵr University (Prifysgol Glyndŵr),Information Systems
18,Carmela,Itzcovichch,citzcovichchh@ucsd.edu,07236497168,Goldsmiths University of London,Machine Learning
19,Gasparo,Corder,gcorderi@ucsd.edu,07674514891,Newcastle University,Risk Management
20,Karole,Keogh,kkeoghj@usatoday.com,07317989166,NCG,Information Systems
21,Marcus,Cortnay,mcortnayk@aboutads.info,07941249829,University of Southampton,Mathematics
22,Peg,Petrol,ppetroll@scribd.com,07841163396,Robert Gordon University Aberdeen,Cloud Computing
23,Marmaduke,Ratke,mratkem@europa.eu,07525921649,Queen Margaret University Edinburgh,Risk Management
24,Josephine,Farrants,jfarrantsn@csmonitor.com,07257376895,Aberystwyth University (Prifysgol Aberystwyth),Teaching
25,Nicoli,Rikel,nrikelo@sogou.com,07845226341,Cranfield University,Cloud Computing
26,Marty,Gillani,mgillanip@japanpost.jp,07375165315,University of Bath,Teaching
27,Gabriellia,Wartnaby,gwartnabyq@etsy.com,07911617955,University of South Wales (Prifysgol De Cymru),Biological Computing
28,Roze,Drillingcourt,rdrillingcourtr@cpanel.net,07682119423,Rose Bruford College of Theatre and Performance,Mathematics
29,Jamal,Oldroyde,joldroydes@posterous.com,07145681617,University of Greenwich,Machine Learning
30,Heindrick,Camplen,hcamplent@baidu.com,07666861686,University of York,Machine Learning
31,Annetta,Boath,aboathu@ebay.com,07873874975,University of Surrey,Information Systems
32,Doloritas,Burghall,dburghallv@tiny.cc,07964686266,York St John University,Risk Management
33,Nara,Joyes,njoyesw@house.gov,07146927457,University of Suffolk,Mathematics
34,Reggie,Cayle,rcaylex@last.fm,07396912162,University of Winchester,Information Systems
35,Mic,Friman,mfrimany@disqus.com,07221988481,Regent’s University London,Teaching
36,Reggie,Stallybrass,rstallybrassz@addthis.com,07795373367,University of St Mark and St John Plymouth,Information Systems
37,Stanwood,Lesaunier,slesaunier10@list-manage.com,07737697283,St George’s University of London,Risk Management
38,Lavinia,Whiterod,lwhiterod11@vkontakte.ru,07392233139,Royal Veterinary College,Information Systems
39,Case,Feldharker,cfeldharker12@china.com.cn,07875788589,University of Birmingham,Cloud Computing
40,Harlene,Winspear,hwinspear13@ca.gov,07855266262,University of Warwick,Risk Management
41,Randolf,Dikes,rdikes14@loc.gov,07793176648,University of South Wales (Prifysgol De Cymru),Cloud Computing
42,Yves,Wilbore,ywilbore15@biglobe.ne.jp,07188672592,Lancaster University,Cloud Computing
43,Chaddie,Birkenhead,cbirkenhead16@upenn.edu,07132375277,University of Bradford,Cloud Computing
44,Phylys,Lowerson,plowerson17@mlb.com,07834641878,St George’s University of London,Biological Computing
45,Portia,Dyson,pdyson18@domainmarket.com,07474467425,Bangor University (Prifysgol Bangor),Mathematics
46,Sibylle,Schonfeld,sschonfeld19@ifeng.com,07299973261,University of the West of Scotland,Information Systems
47,Donia,Jurisch,djurisch1a@bandcamp.com,07317516596,University of St Andrews,Cloud Computing
48,Rana,Manshaw,rmanshaw1b@reddit.com,07965463496,University of Hull,Biological Computing
49,Lorenzo,Henlon,lhenlon1c@studiopress.com,07265462658,Institute of Cancer Research (degrees awarded by University of London),Biological Computing
50,Kirbee,Pallis,kpallis1d@blogger.com,07832934668,Portsmouth University,Teaching
51,Rossy,Kirvell,rkirvell1e@businessinsider.com,07477112791,Leeds Trinity University,Information Systems
52,Addi,Viall,aviall1f@sfgate.com,07857932163,University of Reading,Machine Learning
53,Irene,Shucksmith,ishucksmith1g@twitter.com,07626568644,Brunel University London,Information Systems
54,Ericka,Ambrozik,eambrozik1h@time.com,07336924676,University of Cambridge,Mathematics
55,Bridie,Ferby,bferby1i@shinystat.com,07183844484,Regent’s University London,Mathematics
56,Lowell,Yelding,lyelding1j@go.com,07792768797,University of West London,Mathematics
57,Solomon,Treacy,streacy1k@unc.edu,07419561515,Hartpury College,Biological Computing
58,Heda,Sukbhans,hsukbhans1l@tinyurl.com,07283764346,University of Northampton,Risk Management
59,Moyna,Lambis,mlambis1m@youku.com,07695158411,Coventry University,Risk Management
60,Filberte,Stamps,fstamps1n@weibo.com,07637134257,London Business School,Machine Learning
61,Giacomo,McMoyer,gmcmoyer1o@sina.com.cn,07263633948,University of Surrey,Information Systems
62,Panchito,McCully,pmccully1p@ftc.gov,07624791895,Harper Adams University,Biological Computing
63,Nert,O'Sheilds,nosheilds1q@cbsnews.com,07111449495,Uiversity of Brighton,Biological Computing
64,Brice,Leversuch,bleversuch1r@cnn.com,07466216212,University of the Arts London,Risk Management
65,Alisander,Pepper,apepper1s@ca.gov,07485955337,University of East Anglia,Mathematics
66,Clementia,Wogden,cwogden1t@i2i.jp,07165512764,University of Wales Trinity Saint David (Prifysgol Cymry Y Drindod Dewi Sant),Biological Computing
67,Rickie,Bridgeland,rbridgeland1u@hugedomains.com,07253599964,Uiversity of Brighton,Machine Learning
68,Thorvald,Kobierzycki,tkobierzycki1v@ocn.ne.jp,07629323963,Aberystwyth University (Prifysgol Aberystwyth),Information Systems
69,Ferris,Seligson,fseligson1w@fotki.com,07431937678,University of Dundee,Risk Management
70,Tabitha,Elsley,telsley1x@networksolutions.com,07299674411,Edge Hill University,Information Systems
71,Kendall,Pass,kpass1y@ameblo.jp,07516637819,University of Salford,Risk Management
72,Dalton,Longmead,dlongmead1z@google.es,07253414333,University of Wales (Prifysgol Cymru),Risk Management
73,Noby,Wistance,nwistance20@hp.com,07387962343,Royal Northern College of Music,Cloud Computing
74,Olva,Stivens,ostivens21@yale.edu,07628131364,Birkbeck Uiversity of London,Biological Computing
75,Dulciana,Reford,dreford22@nytimes.com,07698346789,University of Central Lancashire,Biological Computing
76,Bibbie,Manjot,bmanjot23@umn.edu,07549915891,Queen’s University Belfast,Cloud Computing
77,Standford,Blouet,sblouet24@apple.com,07423435337,University of Hertfordshire,Cloud Computing
78,Thaddeus,Forsdicke,tforsdicke25@bbc.co.uk,07181167651,University of Southampton,Risk Management
79,Arlina,Senussi,asenussi26@indiegogo.com,07655445661,Goldsmiths University of London,Machine Learning
80,Jaime,Glass,jglass27@wikimedia.org,07811378933,Birmingham City University,Biological Computing
81,Ara,Piff,apiff28@home.pl,07877867762,University of Warwick,Teaching
82,Blondy,Skeates,bskeates29@marketwatch.com,07183221994,Northumbria University Newcastle,Mathematics
83,Merrill,Johanssen,mjohanssen2a@china.com.cn,07573553268,University of Worcester,Biological Computing
84,Rusty,Reeday,rreeday2b@xing.com,07337363738,University of East London,Risk Management
85,Zilvia,Revely,zrevely2c@ebay.com,07183613796,University of Birmingham,Teaching
86,Lisle,Poker,lpoker2d@bluehost.com,07287414979,Portsmouth University,Mathematics
87,Vasily,Roskrug,vroskrug2e@usa.gov,07591523249,University of Buckingham,Teaching
88,Collin,Davidove,cdavidove2f@bizjournals.com,07459395494,University of Hertfordshire,Teaching
89,Danice,Cheney,dcheney2g@squarespace.com,07324142559,Lancaster University,Cloud Computing
90,Armand,MacCorkell,amaccorkell2h@illinois.edu,07117325276,University of Derby,Mathematics
91,Maximilianus,Blackley,mblackley2i@163.com,07311359277,York St John University,Risk Management
92,Heloise,Hanrott,hhanrott2j@skype.com,07952998771,Queen’s University Belfast,Risk Management
93,Dunc,Dommersen,ddommersen2k@examiner.com,07259687755,University of Sussex,Risk Management
94,Saunderson,Click,sclick2l@army.mil,07968274735,University of the Highlands and Islands,Mathematics
95,Edee,Oldale,eoldale2m@live.com,07998698468,Goldsmiths University of London,Teaching
96,Sonnie,MacTeague,smacteague2n@tiny.cc,07145281447,University of Stirling,Risk Management
97,Kiersten,Gonsalvez,kgonsalvez2o@about.me,07917596843,University of Northampton,Cloud Computing
98,Maryl,Slimming,mslimming2p@gnu.org,07732193269,University of Manchester,Cloud Computing
99,Jaquenetta,Jellybrand,jjellybrand2q@privacy.gov.au,07398252932,University of Northampton,Risk Management
100,Christian,Northey,cnorthey2r@samsung.com,07793119899,University of Bradford,Teaching
101,Ree,Streater,rstreater2s@hp.com,07372752961,University of Greenwich,Risk Management
102,Lizabeth,Prawle,lprawle2t@cocolog-nifty.com,07527423592,Aberystwyth University (Prifysgol Aberystwyth),Teaching
103,Clevie,Hansemann,chansemann2u@fastcompany.com,07344627241,Northumbria University Newcastle,Cloud Computing
104,Kaleb,Hewson,khewson2v@theguardian.com,07527556844,Newcastle University,Mathematics
105,Adeline,Janczewski,ajanczewski2w@miibeian.gov.cn,07634237456,St George’s University of London,Biological Computing
106,Koressa,Deware,kdeware2x@sun.com,07889984537,University of South Wales (Prifysgol De Cymru),Information Systems
107,Ogden,O'Hdirscoll,oohdirscoll2y@twitter.com,07596928115,University of St Mark and St John Plymouth,Information Systems
108,Torin,Merkel,tmerkel2z@techcrunch.com,07198597971,Liverpool School of Tropical Medicine,Mathematics
109,Dion,Fridlington,dfridlington30@51.la,07226449326,Sheffield Hallam University,Machine Learning
110,Jodie,Sandiford,jsandiford31@shareasale.com,07111727455,Oxford Brookes University,Risk Management
111,Harriett,Brownsey,hbrownsey32@bbc.co.uk,07878736389,Middlesex University,Mathematics
112,Joanie,Sinkinson,jsinkinson33@walmart.com,07638371872,University of Chester,Cloud Computing
113,Goldina,Gerrens,ggerrens34@angelfire.com,07782479994,Bangor University (Prifysgol Bangor),Machine Learning
114,Ashleigh,Eaglen,aeaglen35@businessweek.com,07149264176,Nottingham Trent University,Teaching
115,Ashla,Usmar,ausmar36@skyrock.com,07293597565,University of London,Information Systems
116,Harlie,Ickovicz,hickovicz37@ed.gov,07263688468,Coventry University,Cloud Computing
117,Daniele,Blench,dblench38@w3.org,07889562371,University of Cumbria,Mathematics
118,Rachelle,Leary,rleary39@salon.com,07338864134,University of St Andrews,Teaching
119,Wit,Joskowicz,wjoskowicz3a@technorati.com,07644916343,Teesside University,Teaching
120,Hilde,Athey,hathey3b@xing.com,07427784715,Canterbury Christ Church University,Risk Management
121,Cori,Heyward,cheyward3c@un.org,07158946264,Glyndŵr University (Prifysgol Glyndŵr),Machine Learning
122,Moyra,Ceschi,mceschi3d@amazon.com,07592823267,Royal College of Music,Teaching
123,Alair,Brandon,abrandon3e@webeden.co.uk,07396718365,University of Northampton,Biological Computing
124,Thalia,Noah,tnoah3f@squarespace.com,07479637217,University for the Creative Arts,Mathematics
125,Charlotte,Elnor,celnor3g@acquirethisname.com,07658142876,Royal College of Art,Risk Management
126,Earlie,Silcocks,esilcocks3h@topsy.com,07729186471,Lancaster University,Teaching
127,Bari,Ettery,bettery3i@com.com,07837944525,Bath Spa University,Cloud Computing
128,Loree,Tuffin,ltuffin3j@vkontakte.ru,07789677154,University of Dundee,Risk Management
129,Ingelbert,Bountiff,ibountiff3k@amazon.co.jp,07219148281,Swansea University (Prifysgol Abertawe),Machine Learning
130,Quintin,Savile,qsavile3l@skype.com,07755499476,University of Greenwich,Teaching
131,Jocelyn,Croall,jcroall3m@spiegel.de,07293786965,University of Gloucestershire,Cloud Computing
132,Elisabeth,Seakes,eseakes3n@eepurl.com,07788342119,Liverpool School of Tropical Medicine,Mathematics
133,Inglis,Gutans,igutans3o@php.net,07617155821,Cardiff university (Prifysgol Caerdydd),Machine Learning
134,Francisca,Border,fborder3p@google.ca,07813363257,University of Leeds,Machine Learning
135,Eunice,Ashbridge,eashbridge3q@ucoz.ru,07943815163,Guildhall School of Music and Drama,Mathematics
136,Jennine,Pimmocke,jpimmocke3r@slideshare.net,07678356817,Leeds College of Art,Cloud Computing
137,Pansy,Branson,pbranson3s@qq.com,07284278176,Courtauld Institute of Art (degrees awarded by University of London),Teaching
138,Drusie,Lemerie,dlemerie3t@usa.gov,07776871225,University of Strathclyde,Risk Management
139,Cesaro,Celloni,ccelloni3u@mlb.com,07199537418,Staffordshire University,Cloud Computing
140,Lombard,Droghan,ldroghan3v@friendfeed.com,07365484477,University of Bolton,Machine Learning
141,Carrol,Samber,csamber3w@mlb.com,07583123927,Coventry University,Teaching
142,Sinclair,Sare,ssare3x@topsy.com,07596235669,Falmouth University,Risk Management
143,Stanly,Matoshin,smatoshin3y@taobao.com,07534315959,Norwich University of the Arts,Machine Learning
144,Jonathan,Scambler,jscambler3z@istockphoto.com,07499958743,Liverpool John Moores University,Information Systems
145,Bryanty,Morfield,bmorfield40@spiegel.de,07198924653,Royal Holloway University of London,Biological Computing
146,Cassandre,Ormerod,cormerod41@networkadvertising.org,07175169626,University of East Anglia,Information Systems
147,Nissa,Girardot,ngirardot42@fastcompany.com,07514351546,Queen Margaret University Edinburgh,Machine Learning
148,Shaine,Ringe,sringe43@europa.eu,07478648569,Durham University,Teaching
149,Francine,McCrann,fmccrann44@army.mil,07171688296,University of Exter,Cloud Computing
150,Thain,Elmar,telmar45@theglobeandmail.com,07255358347,University of Wolverhampton,Machine Learning
151,Issiah,Al Hirsi,ialhirsi46@ifeng.com,07592186183,Oxford Brookes University,Machine Learning
152,Christy,Marxsen,cmarxsen47@newsvine.com,07256149117,Liverpool School of Tropical Medicine,Risk Management
153,Wilbert,Farrington,wfarrington48@google.com.au,07262894765,Heriot-Watt University,Information Systems
154,Kelvin,Adey,kadey49@yellowbook.com,07952391343,London Chool of Hygiene and Tropical Medicine,Machine Learning
155,Fields,Clopton,fclopton4a@fc2.com,07942198733,York St John University,Teaching
156,Ervin,Heaford,eheaford4b@liveinternet.ru,07429425927,University of Northampton,Teaching
157,Evangeline,Kensley,ekensley4c@ehow.com,07937953254,Liverpool John Moores University,Teaching
158,Doralin,Cowap,dcowap4d@about.com,07312694396,University of London,Risk Management
159,Krishna,Maddicks,kmaddicks4e@meetup.com,07511997942,University of West London,Machine Learning
160,Claretta,Scoullar,cscoullar4f@cdbaby.com,07618176969,University of the Highlands and Islands,Machine Learning
161,Pierrette,De Domenico,pdedomenico4g@techcrunch.com,07772759221,Royal Academy of Music,Machine Learning
162,Hedvige,Wiggett,hwiggett4h@alexa.com,07138949494,Northumbria University Newcastle,Risk Management
163,Ashley,Pantecost,apantecost4i@elpais.com,07492166753,University College London,Risk Management
164,Janeen,Eade,jeade4j@apple.com,07366359859,Glasgow Caledonian University,Cloud Computing
165,Edyth,Deely,edeely4k@chronoengine.com,07864476967,Loughborough University,Risk Management
166,Francesca,Owens,fowens4l@paginegialle.it,07468359261,Oxford Brookes University,Teaching
167,Ingrim,Roseveare,iroseveare4m@amazon.de,07554951148,University of Leeds,Risk Management
168,Nancey,Lipprose,nlipprose4n@fema.gov,07964817762,University of Bath,Cloud Computing
169,Carina,Spatari,cspatari4o@nps.gov,07793775199,Ravensbourne,Teaching
170,Wilek,Kelway,wkelway4p@cornell.edu,07699613232,University of Derby,Risk Management
171,Curtis,Jagels,cjagels4q@theglobeandmail.com,07546676691,Harper Adams University,Cloud Computing
172,Alta,Doncaster,adoncaster4r@technorati.com,07233787331,Canterbury Christ Church University,Mathematics
173,Marla,Machans,mmachans4s@mtv.com,07764732411,Lancaster University,Machine Learning
174,Gearard,Beyn,gbeyn4t@github.io,07535347883,Birkbeck Uiversity of London,Machine Learning
175,Wilow,Egglestone,wegglestone4u@ibm.com,07846323762,University of South Wales (Prifysgol De Cymru),Risk Management
176,Gordan,Kay,gkay4v@jigsy.com,07521123422,St Mary’s University Twickenham,Information Systems
177,Brynn,Heintze,bheintze4w@shutterfly.com,07982785346,Bath Spa University,Cloud Computing
178,Rosaline,Brine,rbrine4x@themeforest.net,07232965368,University of Gloucestershire,Information Systems
179,Palm,Addicott,paddicott4y@xing.com,07743313777,University of Leicester,Machine Learning
180,Reeva,Petlyura,rpetlyura4z@reddit.com,07124363896,London Business School,Machine Learning
181,Lorine,Wincott,lwincott50@naver.com,07411112775,Bangor University (Prifysgol Bangor),Biological Computing
182,Cecilia,Dionisi,cdionisi51@fc2.com,07711362611,Glasgow Caledonian University,Risk Management
183,Kelley,Baudinot,kbaudinot52@pen.io,07869396983,BPP University,Mathematics
184,Mason,Harm,mharm53@twitter.com,07865253986,University of Oxford,Risk Management
185,Erv,Andrioli,eandrioli54@jalbum.net,07995716769,University of Leeds,Teaching
186,Saundra,Nother,snother55@ocn.ne.jp,07837995846,University of Oxford,Teaching
187,Jude,Adamski,jadamski56@jalbum.net,07724578348,Open University,Biological Computing
188,Jocelin,Ramalhete,jramalhete57@ebay.co.uk,07378143499,University of Leeds,Mathematics
189,Lilla,Rickerby,lrickerby58@spiegel.de,07792981949,University College of Estate Management,Machine Learning
190,Muffin,Been,mbeen59@netscape.com,07783243774,University of Bolton,Machine Learning
191,Chloris,Spittles,cspittles5a@about.com,07478587138,University of Liverpool,Mathematics
192,Leona,Scuffham,lscuffham5b@digg.com,07897677221,University of Exter,Cloud Computing
193,Samuele,Dearman,sdearman5c@wsj.com,07619832683,Oxford Brookes University,Biological Computing
194,Aindrea,McCumskay,amccumskay5d@ucoz.ru,07815979819,University of Edinburgh,Machine Learning
195,Elke,Pallister,epallister5e@example.com,07945333624,University College of Estate Management,Machine Learning
196,Hardy,Barck,hbarck5f@instagram.com,07973252372,Queen Mary University of London,Information Systems
197,Alyssa,Gurwood,agurwood5g@npr.org,07722391311,Royal Agricultural University,Mathematics
198,Trudy,Heyburn,theyburn5h@zdnet.com,07988478759,University of Exter,Biological Computing
199,Brewer,Band,bband5i@sogou.com,07712982748,University of Law,Risk Management
200,Tessa,Nottle,tnottle5j@ifeng.com,07521385627,London Chool of Hygiene and Tropical Medicine,Machine Learning
201,Griz,Sprason,gsprason5k@adobe.com,07794412532,University of Sheffield,Teaching
202,Haily,Diglin,hdiglin5l@hostgator.com,07774599698,University of Aberdeen,Biological Computing
203,Marleen,Stocking,mstocking5m@businessweek.com,07996798291,Leeds Trinity University,Cloud Computing
204,Marthena,Harflete,mharflete5n@sciencedirect.com,07687936921,University of South Wales (Prifysgol De Cymru),Risk Management
205,Paule,Dust,pdust5o@nhs.uk,07234164357,University of Roehampton,Teaching
206,Kaela,Haskett,khaskett5p@google.com,07876538569,Anglo-European College of Chiropractic,Teaching
207,Aurlie,Lowen,alowen5q@sciencedaily.com,07518893471,Bangor University (Prifysgol Bangor),Biological Computing
208,Cloris,Linfitt,clinfitt5r@theguardian.com,07878597244,University of Worcester,Cloud Computing
209,Milicent,Warsop,mwarsop5s@dailymail.co.uk,07973233756,University of St Andrews,Mathematics
210,Louisette,Hoggin,lhoggin5t@de.vu,07451616951,University of Westminster,Risk Management
211,Norri,Windybank,nwindybank5u@technorati.com,07932447893,Bournemouth University,Biological Computing
212,Melloney,Huison,mhuison5v@free.fr,07394473491,University of Oxford,Machine Learning
213,Gae,Oag,goag5w@miitbeian.gov.cn,07953938845,Edinburgh Napier University,Biological Computing
214,Sandi,Darco,sdarco5x@51.la,07571169434,Northumbria University Newcastle,Risk Management
215,Jonis,Sumshon,jsumshon5y@arstechnica.com,07212576741,University of Greenwich,Biological Computing
216,Westbrooke,Oaks,woaks5z@bbc.co.uk,07588535739,University of Sussex,Mathematics
217,Sande,Hain,shain60@unicef.org,07541439237,Kingston University,Biological Computing
218,Danny,McGoldrick,dmcgoldrick61@wsj.com,07513251184,Leeds College of Art,Teaching
219,Cosme,Duckworth,cduckworth62@blogtalkradio.com,07484941427,Plymouth University,Teaching
220,Rhiamon,Molloy,rmolloy63@yellowbook.com,07175412679,University of Essex,Information Systems
221,Juliet,Lawerence,jlawerence64@webeden.co.uk,07464159954,Goldsmiths University of London,Machine Learning
222,Grier,Nerheny,gnerheny65@nbcnews.com,07544743636,Queen Margaret University Edinburgh,Cloud Computing
223,Rudy,MacKeogh,rmackeogh66@clickbank.net,07111813718,Sheffield Hallam University,Cloud Computing
224,Jeannie,Ilyuchyov,jilyuchyov67@tumblr.com,07863265143,Staffordshire University,Teaching
225,Gillan,Sherrett,gsherrett68@list-manage.com,07251644766,Kingston University,Teaching
226,Shannon,Jays,sjays69@fda.gov,07551541158,University of Essex,Information Systems
227,Ingrim,Minchi,iminchi6a@nature.com,07492373435,Cardiff university (Prifysgol Caerdydd),Information Systems
228,Lambert,MacGhee,lmacghee6b@myspace.com,07984788471,BPP University,Teaching
229,Aloin,Garwood,agarwood6c@hc360.com,07843763556,London Business School,Machine Learning
230,Hestia,Boundley,hboundley6d@paypal.com,07144535892,University of Wales Trinity Saint David (Prifysgol Cymry Y Drindod Dewi Sant),Mathematics
231,Lemar,Fransson,lfransson6e@nsw.gov.au,07192643282,University of West London,Teaching
232,Erny,Charrington,echarrington6f@apple.com,07537772432,St George’s University of London,Mathematics
233,Griffin,Wickling,gwickling6g@sbwire.com,07717225991,Robert Gordon University Aberdeen,Biological Computing
234,Marshall,Chillingsworth,mchillingsworth6h@archive.org,07171963594,Institute of Cancer Research (degrees awarded by University of London),Information Systems
235,Susie,Gentiry,sgentiry6i@moonfruit.com,07921515728,University of Chester,Mathematics
236,Jordanna,Ogles,jogles6j@dailymail.co.uk,07519434761,Aston University,Mathematics
237,Mercedes,Adne,madne6k@plala.or.jp,07885969672,Brunel University London,Cloud Computing
238,Blake,Laden,bladen6l@ebay.co.uk,07591441192,Robert Gordon University Aberdeen,Information Systems
239,Oliver,Hing,ohing6m@diigo.com,07998737359,London School of Economics and Political Science,Cloud Computing
240,Roby,Gianni,rgianni6n@ovh.net,07968137827,De Montfort University,Information Systems
241,Gillan,Kenny,gkenny6o@redcross.org,07629168442,University of Nottingham,Risk Management
242,Franni,Noore,fnoore6p@xing.com,07339739285,Brunel University London,Biological Computing
243,Andre,Wikey,awikey6q@archive.org,07386257526,University of Bradford,Machine Learning
244,Guthrie,Gianneschi,ggianneschi6r@blog.com,07253565922,University of Hertfordshire,Risk Management
245,Lauraine,Skyrme,lskyrme6s@slate.com,07878842745,Edinburgh Napier University,Biological Computing
246,Lynnea,Crosson,lcrosson6t@businessinsider.com,07936925449,University of Nottingham,Biological Computing
247,Neysa,Dymick,ndymick6u@japanpost.jp,07341129335,Hartpury College,Information Systems
248,Bowie,O'Doherty,bodoherty6v@seattletimes.com,07156194244,University of Birmingham,Cloud Computing
249,Rocky,Ashness,rashness6w@cnbc.com,07573285938,Anglo-European College of Chiropractic,Machine Learning
250,Leia,Yeskin,lyeskin6x@simplemachines.org,07338711431,University of Buckingham,Cloud Computing
251,Jamesy,Dahlborg,jdahlborg6y@tuttocitta.it,07181987464,Leeds Trinity University,Information Systems
252,Noelle,Elsom,nelsom6z@newyorker.com,07534883373,Buckinghamshire New University,Machine Learning
253,Jo-anne,Ashworth,jashworth70@nytimes.com,07789552489,Cranfield University,Information Systems
254,Camala,Agastina,cagastina71@deviantart.com,07719143187,Northumbria University Newcastle,Cloud Computing
255,Robbi,Keane,rkeane72@house.gov,07364561595,Ashridge Business School,Teaching
256,Cyrillus,Barbour,cbarbour73@pinterest.com,07932991432,Buckinghamshire New University,Biological Computing
257,Yvonne,Andreasen,yandreasen74@gravatar.com,07311664281,Bangor University (Prifysgol Bangor),Cloud Computing
258,Curry,Chismon,cchismon75@studiopress.com,07699429216,Abertay University (former University of Abertay Dundee),Cloud Computing
259,Grady,Anscott,ganscott76@nbcnews.com,07483787559,London South Bank University,Mathematics
260,Nial,Megarry,nmegarry77@patch.com,07355246822,Manchester Metropolitan University,Information Systems
261,Allianora,Mungham,amungham78@i2i.jp,07998585934,University of Suffolk,Information Systems
262,Maryjane,Arnholdt,marnholdt79@gov.uk,07418792255,University of St Andrews,Information Systems
263,Franni,Bolver,fbolver7a@businessinsider.com,07533241553,Goldsmiths University of London,Cloud Computing
264,Bertie,Creser,bcreser7b@ucsd.edu,07121859735,Trinity Laban Conservatoire of Music and Dance,Biological Computing
265,Rozalie,Lowe,rlowe7c@jigsy.com,07612997211,St George’s University of London,Risk Management
266,Allix,Lewer,alewer7d@psu.edu,07827933639,University of Hertfordshire,Risk Management
267,May,Trevers,mtrevers7e@techcrunch.com,07724248352,Portsmouth University,Teaching
268,Sig,Tearney,stearney7f@mail.ru,07194395631,Queen Margaret University Edinburgh,Cloud Computing
269,Claybourne,Tantrum,ctantrum7g@mediafire.com,07271178943,University of East Anglia,Cloud Computing
270,Franklyn,Sellack,fsellack7h@cocolog-nifty.com,07176889972,Queen Mary University of London,Risk Management
271,Brynne,Gillibrand,bgillibrand7i@oracle.com,07482387979,Heythrop College (degrees awarded by University of London),Cloud Computing
272,Glynda,Scholcroft,gscholcroft7j@homestead.com,07296978113,Portsmouth University,Teaching
273,Dewain,Otham,dotham7k@earthlink.net,07251682871,University of Warwick,Risk Management
274,Hubey,Ingerman,hingerman7l@fc2.com,07934847812,Middlesex University,Mathematics
275,Francine,Bolle,fbolle7m@lulu.com,07323197466,University of Gloucestershire,Machine Learning
276,Dolley,Warlawe,dwarlawe7n@artisteer.com,07876574541,University of Essex,Machine Learning
277,Ford,Spiers,fspiers7o@google.es,07483136396,University for the Creative Arts,Machine Learning
278,Cory,Hamm,chamm7p@tripadvisor.com,07165242357,Liverpool School of Tropical Medicine,Teaching
279,Erny,Hynde,ehynde7q@epa.gov,07566141577,Goldsmiths University of London,Mathematics
280,Kacie,Vigors,kvigors7r@over-blog.com,07587539747,Keele University,Mathematics
281,Elie,Corballis,ecorballis7s@cafepress.com,07571936754,University for the Creative Arts,Mathematics
282,Morena,Exall,mexall7t@netlog.com,07176384196,University College of Osteopathy,Biological Computing
283,Dorey,MacKonochie,dmackonochie7u@vistaprint.com,07751712474,University of Oxford,Mathematics
284,Maxie,Bolderson,mbolderson7v@blogs.com,07999493296,Institute of Cancer Research (degrees awarded by University of London),Cloud Computing
285,Fee,Ambridge,fambridge7w@prnewswire.com,07694317755,Cranfield University,Biological Computing
286,Ximenes,Cromley,xcromley7x@buzzfeed.com,07347179247,St Mary’s University Twickenham,Biological Computing
287,Marthe,Minear,mminear7y@nationalgeographic.com,07553972136,Rose Bruford College of Theatre and Performance,Mathematics
288,Araldo,Winspear,awinspear7z@marketwatch.com,07676937679,University of Edinburgh,Mathematics
289,Ives,Ambrosi,iambrosi80@dmoz.org,07656726823,Plymouth University,Teaching
290,Vitia,Danford,vdanford81@constantcontact.com,07846794286,Northumbria University Newcastle,Information Systems
291,Maurizia,Hegley,mhegley82@gmpg.org,07398899553,University of Ulster,Mathematics
292,Aurlie,Roome,aroome83@unc.edu,07928738746,University of Essex,Information Systems
293,Ferdinanda,Slainey,fslainey84@nydailynews.com,07362866421,Robert Gordon University Aberdeen,Mathematics
294,Annabal,Falck,afalck85@blogs.com,07846593289,University of Chichester,Machine Learning
295,Salvatore,Norcop,snorcop86@wsj.com,07843752656,Cardiff Metropolitan University (Prifysgol Metropolitan Caerdydd),Risk Management
296,Sam,Dodamead,sdodamead87@google.com.au,07715298359,University of Cumbria,Information Systems
297,Tibold,Giraudot,tgiraudot88@posterous.com,07287543737,King’s College London,Risk Management
298,Brucie,Gately,bgately89@macromedia.com,07612589941,Queen’s University Belfast,Mathematics
299,Constancia,Hubbis,chubbis8a@google.cn,07112384456,Brunel University London,Teaching
300,Colman,Clemmitt,cclemmitt8b@nydailynews.com,07153496869,University of Strathclyde,Biological Computing
301,Betteanne,Sherwood,bsherwood8c@youtube.com,07918217797,Nottingham Trent University,Information Systems
302,Niel,O'Logan,nologan8d@prweb.com,07145669549,University of Manchester,Teaching
303,Alysia,Sommer,asommer8e@youku.com,07214244978,University of West London,Information Systems
304,Flem,Fritschmann,ffritschmann8f@statcounter.com,07947226124,Heythrop College (degrees awarded by University of London),Information Systems
305,Molly,Flaws,mflaws8g@irs.gov,07737568812,BPP University,Cloud Computing
306,Price,Sheaf,psheaf8h@acquirethisname.com,07531576846,University of York,Risk Management
307,Carilyn,Duell,cduell8i@columbia.edu,07497777683,Institute of Education University of London,Risk Management
308,Hetti,Denacamp,hdenacamp8j@archive.org,07498863312,Courtauld Institute of Art (degrees awarded by University of London),Mathematics
309,Florri,Ashenhurst,fashenhurst8k@issuu.com,07141547841,Regent’s University London,Mathematics
310,Germana,Sollowaye,gsollowaye8l@smh.com.au,07867316377,Newcastle University,Information Systems
311,Lorry,McGeown,lmcgeown8m@phoca.cz,07694229998,Durham University,Mathematics
312,Orv,Harness,oharness8n@netvibes.com,07186689926,Keele University,Risk Management
313,Jeri,Moret,jmoret8o@yahoo.co.jp,07873456354,Royal Central School of Speech and Drama (University of London),Teaching
314,Lexis,Linham,llinham8p@artisteer.com,07296334447,Plymouth University,Information Systems
315,Elise,MacMearty,emacmearty8q@ihg.com,07743724816,University of South Wales (Prifysgol De Cymru),Biological Computing
316,Isaiah,Crevagh,icrevagh8r@discuz.net,07638696463,Royal Holloway University of London,Mathematics
317,Angil,Duro,aduro8s@elegantthemes.com,07525281545,Sheffield Hallam University,Information Systems
318,Harrison,Longhi,hlonghi8t@addtoany.com,07837652194,University of Leeds,Risk Management
319,Anton,Klich,aklich8u@japanpost.jp,07118526484,University of Wales (Prifysgol Cymru),Machine Learning
320,Callie,Chartman,cchartman8v@facebook.com,07192169759,University of Sunderland,Information Systems
321,Malorie,Barnham,mbarnham8w@cnbc.com,07788592913,University of Stirling,Information Systems
322,Cullie,Clibbery,cclibbery8x@mail.ru,07985641957,Plymouth University,Machine Learning
323,Elisabetta,Jaquemar,ejaquemar8y@engadget.com,07784171217,Institute of Cancer Research (degrees awarded by University of London),Teaching
324,Vivianna,Serjeantson,vserjeantson8z@arstechnica.com,07988464267,University of Wales Trinity Saint David (Prifysgol Cymry Y Drindod Dewi Sant),Information Systems
325,Jonathan,Spadaro,jspadaro90@kickstarter.com,07421744178,School of Oriental and African Studies (SOAS) University of London,Cloud Computing
326,Rod,Challes,rchalles91@about.me,07259364641,Rose Bruford College of Theatre and Performance,Biological Computing
327,Siana,Pacquet,spacquet92@telegraph.co.uk,07164422462,University of Leicester,Mathematics
328,Kip,Oleksiak,koleksiak93@desdev.cn,07597587891,Royal College of Nursing,Mathematics
329,Reginald,Pulford,rpulford94@ca.gov,07518576244,Lancaster University,Teaching
330,Marius,Sanper,msanper95@over-blog.com,07737423587,London School of Economics and Political Science,Biological Computing
331,Gaston,Guierre,gguierre96@imgur.com,07681139768,University of Strathclyde,Cloud Computing
332,Britta,Lunbech,blunbech97@feedburner.com,07941698293,City University London,Mathematics
333,Maurizio,Mor,mmor98@freewebs.com,07477577764,Coventry University,Information Systems
334,Judie,Marconi,jmarconi99@soundcloud.com,07599436779,University of St Andrews,Teaching
335,Moss,Reiners,mreiners9a@engadget.com,07152133516,Royal Academy of Music,Mathematics
336,Betty,Gabbetis,bgabbetis9b@amazon.co.jp,07483176611,Royal Conservatoire of Scotland,Cloud Computing
337,Antin,Chesshire,achesshire9c@nih.gov,07632738315,Oxford Brookes University,Machine Learning
338,Rebecca,Rouf,rrouf9d@craigslist.org,07774846477,University of South Wales (Prifysgol De Cymru),Biological Computing
339,Baird,Pessold,bpessold9e@tripod.com,07864418622,University of Essex,Biological Computing
340,Delphinia,Labroue,dlabroue9f@google.com.au,07276639746,Heriot-Watt University,Information Systems
341,Chic,Cleal,ccleal9g@qq.com,07429758571,University of Bristol,Biological Computing
342,Robinetta,MacWhan,rmacwhan9h@oakley.com,07138547576,School of Oriental and African Studies (SOAS) University of London,Information Systems
343,Umeko,McPheat,umcpheat9i@buzzfeed.com,07977976215,Birmingham City University,Risk Management
344,Curry,Beamiss,cbeamiss9j@skype.com,07788876477,Harper Adams University,Biological Computing
345,Tate,Nibley,tnibley9k@is.gd,07132219293,London Chool of Hygiene and Tropical Medicine,Machine Learning
346,Darbee,Eldrid,deldrid9l@yelp.com,07356119417,University of Westminster,Machine Learning
347,Sisile,Apedaile,sapedaile9m@china.com.cn,07142922236,University of Cumbria,Teaching
348,Padget,Dufaire,pdufaire9n@paypal.com,07172342797,Birkbeck Uiversity of London,Mathematics
349,Edsel,Guilloneau,eguilloneau9o@vkontakte.ru,07233191399,Bangor University (Prifysgol Bangor),Machine Learning
350,Alejandro,Pendrill,apendrill9p@shutterfly.com,07971582449,University of Kent,Cloud Computing
351,Gannon,Heartfield,gheartfield9q@pbs.org,07657323585,Writtel University College,Mathematics
352,Ruthanne,Sline,rsline9r@nasa.gov,07137548234,Cardiff university (Prifysgol Caerdydd),Biological Computing
353,Haily,Orniz,horniz9s@prnewswire.com,07335458531,Heythrop College (degrees awarded by University of London),Mathematics
354,Hughie,Luker,hluker9t@seesaa.net,07312455866,Heythrop College (degrees awarded by University of London),Cloud Computing
355,Ruddie,Hargraves,rhargraves9u@ustream.tv,07588142589,University of Edinburgh,Machine Learning
356,Garek,Ameer-Beg,gameerbeg9v@narod.ru,07285926766,Aberystwyth University (Prifysgol Aberystwyth),Cloud Computing
357,Kippie,McCumskay,kmccumskay9w@alibaba.com,07356919626,Arden University (former Resource Development International),Biological Computing
358,Gussie,Surgeon,gsurgeon9x@ebay.com,07646437494,University of Leeds,Mathematics
359,Aili,Maslen,amaslen9y@bloomberg.com,07434944517,University of St Mark and St John Plymouth,Biological Computing
360,Onfre,Brudenell,obrudenell9z@nydailynews.com,07938211517,University of Worcester,Teaching
361,Annabella,Baldery,abalderya0@dell.com,07598417989,University of Surrey,Machine Learning
362,Herbie,Sutherby,hsutherbya1@irs.gov,07819997544,Leeds College of Art,Biological Computing
363,Jarred,Norsister,jnorsistera2@cbsnews.com,07949238314,Coventry University,Cloud Computing
364,Aime,Hamflett,ahamfletta3@dropbox.com,07732138861,Middlesex University,Mathematics
365,Hubert,Ledster,hledstera4@ovh.net,07533725394,Teesside University,Machine Learning
366,Rice,Boleyn,rboleyna5@wikia.com,07699457359,University of Ulster,Biological Computing
367,Gram,Gabbat,ggabbata6@ezinearticles.com,07925672494,Birmingham City University,Information Systems
368,Emmalyn,Soots,esootsa7@networkadvertising.org,07654861378,Royal Holloway University of London,Information Systems
369,Marcello,Colt,mcolta8@yahoo.com,07536988585,Edge Hill University,Risk Management
370,Cass,Cowpland,ccowplanda9@51.la,07862187977,Regent’s University London,Biological Computing
371,Jemmy,Blaxter,jblaxteraa@theatlantic.com,07741988398,University of St Andrews,Information Systems
372,Wait,Pendrid,wpendridab@1688.com,07846669536,University of Cumbria,Information Systems
373,Shandie,Mander,smanderac@wix.com,07887122825,School of Oriental and African Studies (SOAS) University of London,Machine Learning
374,Annabal,Bust,abustad@comcast.net,07274813422,University of Stirling,Biological Computing
375,Gretchen,Syphus,gsyphusae@usgs.gov,07711147193,Cardiff Metropolitan University (Prifysgol Metropolitan Caerdydd),Biological Computing
376,Bette-ann,Frears,bfrearsaf@wordpress.org,07981933689,University of Lincoln,Risk Management
377,Jojo,Galbreath,jgalbreathag@earthlink.net,07676738568,Liverpool School of Tropical Medicine,Mathematics
378,Ellie,Rivalland,erivallandah@house.gov,07533737599,University of Sheffield,Biological Computing
379,Bari,Vaneev,bvaneevai@drupal.org,07897399842,Guildhall School of Music and Drama,Cloud Computing
380,Letisha,Graal,lgraalaj@eventbrite.com,07385342841,University of Northampton,Mathematics
381,Danice,Hebden,dhebdenak@globo.com,07994453632,Swansea University (Prifysgol Abertawe),Teaching
382,Una,Elintune,uelintuneal@fotki.com,07759218934,Aston University,Teaching
383,Ellwood,Caccavella,ecaccavellaam@omniture.com,07993417873,University of Exter,Information Systems
384,Lorianna,Seares,lsearesan@paypal.com,07721955485,Kingston University,Risk Management
385,Lenard,McKiernan,lmckiernanao@shinystat.com,07725589155,Robert Gordon University Aberdeen,Cloud Computing
386,Erhard,Sanchiz,esanchizap@ebay.com,07453772431,University College of Osteopathy,Cloud Computing
387,Eal,Gronauer,egronaueraq@gmpg.org,07685657346,School of Oriental and African Studies (SOAS) University of London,Mathematics
388,Poul,McCoy,pmccoyar@stanford.edu,07361513236,Arden University (former Resource Development International),Teaching
389,Johanna,Harold,jharoldas@naver.com,07848468317,University of Gloucestershire,Teaching
390,Waneta,Naire,wnaireat@dagondesign.com,07283642436,Archbishop of Canterbury The,Mathematics
391,Kellia,Bewsey,kbewseyau@examiner.com,07721616339,Leeds Becket Uinversity (foremer Leeds Metropolitan University),Mathematics
392,Lilly,Mowett,lmowettav@cpanel.net,07164691798,Sheffield Hallam University,Machine Learning
393,Keary,Plumbridge,kplumbridgeaw@dell.com,07237515712,University of Westminster,Information Systems
394,Pepe,Jorgensen,pjorgensenax@hatena.ne.jp,07285521221,Liverpool School of Tropical Medicine,Machine Learning
395,Bronson,New,bneway@smugmug.com,07274358827,Edge Hill University,Information Systems
396,Bev,Lorne,blorneaz@goo.gl,07219153444,Buckinghamshire New University,Risk Management
397,Teodoor,Quinevan,tquinevanb0@latimes.com,07395426628,King’s College London,Biological Computing
398,Chrystel,Lusty,clustyb1@bloglovin.com,07383124577,University of East Anglia,Teaching
399,Renie,Fosh,rfoshb2@dmoz.org,07198724344,University of Sheffield,Biological Computing
400,Demetris,MacMaster,dmacmasterb3@blogs.com,07427269815,University of Wales Trinity Saint David (Prifysgol Cymry Y Drindod Dewi Sant),Risk Management
401,Lonnie,Glassup,lglassupb4@surveymonkey.com,07713713899,Buckinghamshire New University,Information Systems
402,Norri,Kemitt,nkemittb5@washingtonpost.com,07612522572,Kingston University,Risk Management
403,Herrick,McJerrow,hmcjerrowb6@drupal.org,07495816112,Heriot-Watt University,Machine Learning
404,Zolly,Hawker,zhawkerb7@disqus.com,07968248462,Aberystwyth University (Prifysgol Aberystwyth),Biological Computing
405,Kelcy,Tortoise,ktortoiseb8@ning.com,07781855152,University of Northampton,Teaching
406,Brian,Wilbore,bwilboreb9@bing.com,07373481784,University of Leicester,Biological Computing
407,Nani,Whiscard,nwhiscardba@histats.com,07659477496,University of Bolton,Teaching
408,Sonnnie,Brokenbrow,sbrokenbrowbb@nytimes.com,07299655319,Ravensbourne,Information Systems
409,Jarvis,Staton,jstatonbc@washington.edu,07188792673,University of Hertfordshire,Cloud Computing
410,Prentice,Minchell,pminchellbd@buzzfeed.com,07185341988,Royal Central School of Speech and Drama (University of London),Cloud Computing
411,Meredith,Greggersen,mgreggersenbe@nifty.com,07165194218,University of Gloucestershire,Risk Management
412,Vaughn,Moorhead,vmoorheadbf@google.nl,07855829526,Kingston University,Machine Learning
413,Joey,Frusher,jfrusherbg@sohu.com,07934459712,University of Leicester,Mathematics
414,Shandeigh,Worling,sworlingbh@nasa.gov,07797568491,Northumbria University Newcastle,Information Systems
415,Mikaela,Karolczyk,mkarolczykbi@uiuc.edu,07182879312,University of Dundee,Mathematics
416,Philomena,Foxwell,pfoxwellbj@cloudflare.com,07189655931,York St John University,Cloud Computing
417,Bogart,Kleiner,bkleinerbk@networkadvertising.org,07399959998,Coventry University,Teaching
418,Cassondra,Gaisford,cgaisfordbl@wikia.com,07365838126,Birkbeck Uiversity of London,Machine Learning
419,Alden,Ellen,aellenbm@taobao.com,07268719733,School of Oriental and African Studies (SOAS) University of London,Mathematics
420,Brandon,Kopf,bkopfbn@oracle.com,07531576565,University of Edinburgh,Mathematics
421,Carena,Blackstone,cblackstonebo@sun.com,07645797544,Aberystwyth University (Prifysgol Aberystwyth),Information Systems
422,Franchot,Crotch,fcrotchbp@census.gov,07885427235,University of Lincoln,Risk Management
423,Corissa,Osichev,cosichevbq@goodreads.com,07645114348,Royal Agricultural University,Mathematics
424,Jessica,Sidwick,jsidwickbr@squarespace.com,07557343355,University of Sunderland,Machine Learning
425,Tobit,Enderle,tenderlebs@blogs.com,07389831224,University of St Andrews,Machine Learning
426,Vasilis,Volonte,vvolontebt@fastcompany.com,07115269841,University of Warwick,Mathematics
427,Janelle,Nelligan,jnelliganbu@reddit.com,07577369837,Glyndŵr University (Prifysgol Glyndŵr),Cloud Computing
428,Hyatt,Brownsell,hbrownsellbv@sun.com,07535194889,Solent University,Mathematics
429,Delilah,Fallow,dfallowbw@pbs.org,07816891626,Bournemouth University,Biological Computing
430,Modestia,McTavy,mmctavybx@nps.gov,07937514944,Anglo-European College of Chiropractic,Risk Management
431,Sandy,Douce,sdouceby@sfgate.com,07558394169,Portsmouth University,Biological Computing
432,Sophi,Frostick,sfrostickbz@google.com.au,07987377512,University of Derby,Mathematics
433,Milton,Rigeby,mrigebyc0@taobao.com,07938738544,Rose Bruford College of Theatre and Performance,Biological Computing
434,Corrianne,Krug,ckrugc1@accuweather.com,07949217878,University of Sunderland,Mathematics
435,Marilyn,Rotherforth,mrotherforthc2@surveymonkey.com,07361775953,Brunel University London,Mathematics
436,Leila,Sturrock,lsturrockc3@wikimedia.org,07554335873,University of Aberdeen,Cloud Computing
437,Maisie,Blazdell,mblazdellc4@over-blog.com,07485154488,University of Buckingham,Mathematics
438,Starlene,Josovitz,sjosovitzc5@census.gov,07787285825,Keele University,Mathematics
439,Chris,Kleyn,ckleync6@stumbleupon.com,07412868941,Arts University Bournemouth,Biological Computing
440,Friedrich,Cobbing,fcobbingc7@bandcamp.com,07326838587,University of Leeds,Mathematics
441,Allen,Wyse,awysec8@microsoft.com,07845981588,Sheffield Hallam University,Mathematics
442,Demetra,McAsgill,dmcasgillc9@github.com,07615297299,University of the Arts London,Biological Computing
443,Peder,Yousef,pyousefca@jiathis.com,07857542267,University College of Estate Management,Risk Management
444,Shani,Belleny,sbellenycb@seattletimes.com,07977393657,Heriot-Watt University,Teaching
445,Kristi,Jurkowski,kjurkowskicc@usgs.gov,07165136219,Newcastle University,Risk Management
446,Gavrielle,Arends,garendscd@cam.ac.uk,07853358662,Courtauld Institute of Art (degrees awarded by University of London),Biological Computing
447,Melisande,Nono,mnonoce@ameblo.jp,07185171753,London Chool of Hygiene and Tropical Medicine,Machine Learning
448,Tabatha,Eustes,teustescf@posterous.com,07359435585,Newman University Birmingham,Information Systems
449,Orella,Lenham,olenhamcg@apple.com,07269365621,London Business School,Risk Management
450,Kit,Chadband,kchadbandch@pen.io,07998171865,University of Huddersfield,Machine Learning
451,Dyanna,Sweed,dsweedci@usda.gov,07771747528,Glyndŵr University (Prifysgol Glyndŵr),Mathematics
452,Birch,Ackenson,backensoncj@fda.gov,07699121418,Birkbeck Uiversity of London,Risk Management
453,Maisie,Shillaker,mshillakerck@wikipedia.org,07331389284,Glasgow Caledonian University,Mathematics
454,Shermy,de Guise,sdeguisecl@plala.or.jp,07869366911,Buckinghamshire New University,Mathematics
455,Julina,Broinlich,jbroinlichcm@tumblr.com,07689653239,Birmingham City University,Teaching
456,Nanice,Ings,ningscn@netscape.com,07427896614,University of the Arts London,Risk Management
457,Balduin,Turl,bturlco@deviantart.com,07848779827,Open University,Biological Computing
458,Ingunna,Jaquest,ijaquestcp@prweb.com,07745925674,University for the Creative Arts,Machine Learning
459,Hyman,Preshaw,hpreshawcq@devhub.com,07336747271,Edge Hill University,Teaching
460,Aura,Coad,acoadcr@uol.com.br,07417379356,University of Wolverhampton,Cloud Computing
461,Inesita,Petche,ipetchecs@wiley.com,07876542984,Uiversity of Brighton,Risk Management
462,Sax,Bolin,sbolinct@google.es,07396578896,Swansea University (Prifysgol Abertawe),Teaching
463,Prissie,Scarman,pscarmancu@edublogs.org,07163369263,Guildhall School of Music and Drama,Cloud Computing
464,Cherri,Berthod,cberthodcv@globo.com,07314797434,University of Northampton,Cloud Computing
465,Parry,Guilder,pguildercw@usda.gov,07154755878,University of Bradford,Information Systems
466,Thorstein,OIlier,toiliercx@github.com,07965454489,Regent’s University London,Information Systems
467,Magda,Gilbody,mgilbodycy@bbb.org,07867194212,Durham University,Teaching
468,Gustie,Killgus,gkillguscz@homestead.com,07373369324,Royal Conservatoire of Scotland,Risk Management
469,Kessiah,Simmgen,ksimmgend0@nature.com,07645462433,University of Cambridge,Mathematics
470,Dunc,Cucuzza,dcucuzzad1@thetimes.co.uk,07711426263,University of Sussex,Information Systems
471,Ainslie,Harbisher,aharbisherd2@geocities.com,07746992227,University of Sheffield,Cloud Computing
472,Mirabella,Neaves,mneavesd3@livejournal.com,07324765472,University of the West of Scotland,Mathematics
473,Jesus,Draysay,jdraysayd4@google.com.br,07778686665,Queen Margaret University Edinburgh,Information Systems
474,Tabbie,Deesly,tdeeslyd5@reuters.com,07371625548,Royal Holloway University of London,Risk Management
475,Wenonah,Poskitt,wposkittd6@guardian.co.uk,07215327251,University of Salford,Information Systems
476,Armin,Peinke,apeinked7@comsenz.com,07342133311,Aston University,Cloud Computing
477,Jodee,von Grollmann,jvongrollmannd8@elegantthemes.com,07877739869,Sheffield Hallam University,Cloud Computing
478,Daven,Oxtoby,doxtobyd9@etsy.com,07844121135,Royal Veterinary College,Mathematics
479,Janine,Bignold,jbignoldda@engadget.com,07383653532,Writtel University College,Machine Learning
480,Brenna,O'Loghlen,bologhlendb@hexun.com,07691687377,London Metropolitan University,Teaching
481,Birch,Spittle,bspittledc@istockphoto.com,07552842286,Falmouth University,Cloud Computing
482,Alexa,Sowle,asowledd@hibu.com,07384561269,Leeds Trinity University,Mathematics
483,Naomi,Goodband,ngoodbandde@yahoo.co.jp,07297663571,London School of Economics and Political Science,Mathematics
484,Sigismundo,Zelake,szelakedf@google.nl,07491588399,University of Bradford,Risk Management
485,Tonye,Bearham,tbearhamdg@jiathis.com,07933431324,University of Aberdeen,Machine Learning
486,Brod,Oldknow,boldknowdh@gnu.org,07467347639,Archbishop of Canterbury The,Risk Management
487,Elbertine,Hiers,ehiersdi@smh.com.au,07718966941,Courtauld Institute of Art (degrees awarded by University of London),Risk Management
488,Manfred,Motte,mmottedj@sogou.com,07898121121,Leeds Becket Uinversity (foremer Leeds Metropolitan University),Mathematics
489,Antin,Noden,anodendk@accuweather.com,07313238963,Royal Agricultural University,Teaching
490,Ivan,Bagnell,ibagnelldl@hatena.ne.jp,07322784462,University of the West of Scotland,Cloud Computing
491,Miguela,Hars,mharsdm@goo.gl,07794483791,University of Kent,Cloud Computing
492,Corty,Sinnocke,csinnockedn@google.com,07685827581,Institute of Education University of London,Biological Computing
493,Korney,MacShirrie,kmacshirriedo@chicagotribune.com,07396678885,Teesside University,Biological Computing
494,Wilburt,De Brett,wdebrettdp@washingtonpost.com,07365722579,Ravensbourne,Machine Learning
495,Ardath,McBrearty,amcbreartydq@wordpress.org,07546688937,Royal College of Nursing,Teaching
496,Rice,Inseal,rinsealdr@odnoklassniki.ru,07814555312,University of Derby,Information Systems
497,Kasey,Southerden,ksoutherdends@economist.com,07178228453,University of Roehampton,Risk Management
498,Joellen,Tungay,jtungaydt@sakura.ne.jp,07852741116,Newman University Birmingham,Cloud Computing
499,Miranda,Coviello,mcoviellodu@admin.ch,07533215999,Institute of Cancer Research (degrees awarded by University of London),Machine Learning
500,Filmer,Keppin,fkeppindv@yelp.com,07466514994,University of Leicester,Teaching
501,Tymon,Abrahamoff,tabrahamoffdw@com.com,07122366368,University of Roehampton,Risk Management
502,Ber,Eslemont,beslemontdx@topsy.com,07138337199,Edge Hill University,Mathematics
503,Mayne,Caldeiro,mcaldeirody@last.fm,07165585666,London Institute of Banking and Finance,Cloud Computing
504,Minna,Balas,mbalasdz@google.fr,07768496334,Ashridge Business School,Risk Management
505,Faye,Keets,fkeetse0@bravesites.com,07497658315,University of Kent,Information Systems
506,Karlee,Willeman,kwillemane1@cbslocal.com,07939885471,University of West London,Risk Management
507,Kris,Ather,kathere2@ca.gov,07788477273,University of Ulster,Cloud Computing
508,Carling,Monkleigh,cmonkleighe3@webeden.co.uk,07818169876,Edge Hill University,Cloud Computing
509,Will,Wenger,wwengere4@webs.com,07236127528,University of Surrey,Biological Computing
510,Ravi,Lindro,rlindroe5@dedecms.com,07886894547,University of West London,Machine Learning
511,Lenette,Emslie,lemsliee6@vistaprint.com,07729743195,Canterbury Christ Church University,Mathematics
512,Timotheus,MacGoun,tmacgoune7@jimdo.com,07566821558,Arden University (former Resource Development International),Mathematics
513,Ollie,Stayte,ostaytee8@wsj.com,07479375725,King’s College London,Mathematics
514,Allyn,Jellman,ajellmane9@ehow.com,07628542842,Regent’s University London,Machine Learning
515,Bryanty,Brane,bbraneea@nbcnews.com,07162885451,Royal Northern College of Music,Information Systems
516,Genia,Royans,groyanseb@google.com,07768635314,Manchester Metropolitan University,Cloud Computing
517,Clemmie,Varley,cvarleyec@wix.com,07873974574,Writtel University College,Teaching
518,Gordon,Render,grendered@tuttocitta.it,07297834498,Royal College of Art,Teaching
519,Alethea,Harvard,aharvardee@house.gov,07568328974,University of Suffolk,Cloud Computing
520,Tamar,Nind,tnindef@altervista.org,07945355919,University of Ulster,Mathematics
521,Wait,Weson,wwesoneg@archive.org,07396983836,University of West London,Cloud Computing
522,Harriott,Macklin,hmacklineh@mapquest.com,07368933746,University of East London,Information Systems
523,Aurel,Sunners,asunnersei@berkeley.edu,07236243371,Cranfield University,Risk Management
524,Cassie,Taberer,ctabererej@yellowpages.com,07523211695,Keele University,Teaching
525,Gayle,Creasy,gcreasyek@columbia.edu,07312195128,Edge Hill University,Mathematics
526,Roman,Bardill,rbardillel@creativecommons.org,07239549321,Cardiff Metropolitan University (Prifysgol Metropolitan Caerdydd),Biological Computing
527,Meredith,Kirrens,mkirrensem@t-online.de,07767359446,Royal College of Music,Machine Learning
528,Quintus,Poyner,qpoyneren@mapy.cz,07754231543,Trinity Laban Conservatoire of Music and Dance,Cloud Computing
529,Chalmers,Petel,cpeteleo@yelp.com,07356217843,Leeds Becket Uinversity (foremer Leeds Metropolitan University),Cloud Computing
530,Blithe,Extance,bextanceep@quantcast.com,07528975673,Sheffield Hallam University,Risk Management
531,Ursula,Di Maggio,udimaggioeq@goo.ne.jp,07731574437,University of East Anglia,Risk Management
532,Gaile,Orthmann,gorthmanner@miitbeian.gov.cn,07482325375,Arts University Bournemouth,Cloud Computing
533,Oralee,Coathup,ocoathupes@surveymonkey.com,07154998874,University of Lincoln,Mathematics
534,Colman,Chattington,cchattingtonet@fastcompany.com,07194925485,University of St Mark and St John Plymouth,Mathematics
535,Odette,Hessle,ohessleeu@edublogs.org,07587448241,University of Hertfordshire,Information Systems
536,Avery,Wheaton,awheatonev@ftc.gov,07861669438,University of Sheffield,Machine Learning
537,Rubia,Clausewitz,rclausewitzew@ovh.net,07372295239,Newcastle University,Mathematics
538,Halli,Gedling,hgedlingex@cmu.edu,07698748831,London Institute of Banking and Finance,Risk Management
539,Beitris,Mc Cahey,bmccaheyey@smh.com.au,07829816962,University of Derby,Machine Learning
540,Roxine,Cuerda,rcuerdaez@elegantthemes.com,07269847929,St George’s University of London,Machine Learning
541,Dav,Allott,dallottf0@apple.com,07699268378,Queen Margaret University Edinburgh,Cloud Computing
542,Hildagard,Alday,haldayf1@reference.com,07679236395,School of Oriental and African Studies (SOAS) University of London,Mathematics
543,Fionna,Doleman,fdolemanf2@is.gd,07536742469,Cranfield University,Machine Learning
544,Dewey,Leming,dlemingf3@csmonitor.com,07341447628,Plymouth University,Risk Management
545,Corbin,Dalgardno,cdalgardnof4@ft.com,07673933593,University of Chester,Cloud Computing
546,Karlens,Offill,koffillf5@elpais.com,07827376669,University of Sunderland,Machine Learning
547,Janifer,Wallbridge,jwallbridgef6@ucoz.ru,07687228682,Aston University,Teaching
548,Hesther,Ivachyov,hivachyovf7@discovery.com,07495233776,Heythrop College (degrees awarded by University of London),Machine Learning
549,Bartolomeo,Arndtsen,barndtsenf8@ft.com,07734232715,Bath Spa University,Machine Learning
550,Kalie,Butland,kbutlandf9@buzzfeed.com,07927569571,Northumbria University Newcastle,Information Systems
551,Zared,Purveys,zpurveysfa@miibeian.gov.cn,07593756384,Solent University,Information Systems
552,Hebert,Gobeaux,hgobeauxfb@dion.ne.jp,07566467197,University of Bedfordshire,Teaching
553,Bent,Pencott,bpencottfc@imdb.com,07191981349,Anglo-European College of Chiropractic,Biological Computing
554,Maritsa,Scrivinor,mscrivinorfd@fastcompany.com,07878679692,University College London,Mathematics
555,Ula,Yashin,uyashinfe@typepad.com,07289113735,University of Hull,Cloud Computing
556,Joel,Landor,jlandorff@google.nl,07779774239,University of Manchester,Biological Computing
557,Pierson,Fireman,pfiremanfg@va.gov,07732254691,Bath Spa University,Teaching
558,Oralee,Kincey,okinceyfh@php.net,07459681927,University of London,Machine Learning
559,Thomas,Da Costa,tdacostafi@infoseek.co.jp,07185871681,Keele University,Information Systems
560,Desiree,Pritty,dprittyfj@unesco.org,07352219918,Writtel University College,Teaching
561,Thurstan,McElmurray,tmcelmurrayfk@smugmug.com,07413139766,University of South Wales (Prifysgol De Cymru),Teaching
562,Danila,Pearch,dpearchfl@bloglines.com,07775119388,University of Dundee,Cloud Computing
563,Elroy,Zanicchi,ezanicchifm@unesco.org,07173145345,Teesside University,Mathematics
564,Neysa,Leng,nlengfn@google.com.au,07618342214,London School of Economics and Political Science,Teaching
565,Field,Coey,fcoeyfo@is.gd,07173524987,University of Law,Mathematics
566,Nessy,Beevens,nbeevensfp@who.int,07323115538,Regent’s University London,Information Systems
567,Chiarra,Cayette,ccayettefq@who.int,07474162885,Bangor University (Prifysgol Bangor),Cloud Computing
568,Thelma,Alliot,talliotfr@state.gov,07369858483,Trinity Laban Conservatoire of Music and Dance,Mathematics
569,Karlotta,Sammon,ksammonfs@ifeng.com,07753198919,Nottingham Trent University,Machine Learning
570,Corbie,Meneo,cmeneoft@feedburner.com,07682112643,University of Strathclyde,Cloud Computing
571,Wilhelmine,Docwra,wdocwrafu@businessinsider.com,07512736978,University of Stirling,Cloud Computing
572,Reynolds,Shildrake,rshildrakefv@miibeian.gov.cn,07364416846,Royal Holloway University of London,Biological Computing
573,Madelon,Forstall,mforstallfw@canalblog.com,07941596142,University of the West of Scotland,Teaching
574,Caralie,Mahon,cmahonfx@senate.gov,07823576228,Royal Northern College of Music,Risk Management
575,Averill,Mitchley,amitchleyfy@theatlantic.com,07854397145,University of Roehampton,Machine Learning
576,Amil,Bozworth,abozworthfz@homestead.com,07278987737,Abertay University (former University of Abertay Dundee),Risk Management
577,Nell,Theobalds,ntheobaldsg0@dyndns.org,07825713851,University of Northampton,Mathematics
578,Stanley,Salsberg,ssalsbergg1@instagram.com,07232652723,Liverpool School of Tropical Medicine,Teaching
579,Winslow,Kaliszewski,wkaliszewskig2@ucoz.com,07736565161,London Chool of Hygiene and Tropical Medicine,Teaching
580,Farly,Lannon,flannong3@soundcloud.com,07259971611,School of Oriental and African Studies (SOAS) University of London,Machine Learning
581,Nertie,Winridge,nwinridgeg4@amazon.de,07174496162,University of Reading,Machine Learning
582,Del,Arpino,darpinog5@statcounter.com,07472788659,Institute of Cancer Research (degrees awarded by University of London),Machine Learning
583,Roanna,Baress,rbaressg6@reference.com,07539555549,Royal Veterinary College,Information Systems
584,Amitie,Dearl,adearlg7@salon.com,07694964298,University of Worcester,Machine Learning
585,Moe,Rex,mrexg8@sfgate.com,07258716417,Leeds Trinity University,Mathematics
586,Amory,Petrol,apetrolg9@theguardian.com,07441316929,Keele University,Information Systems
587,Merell,Umbers,mumbersga@jiathis.com,07642483745,Uiversity of Brighton,Machine Learning
588,Agnese,Meineken,ameinekengb@archive.org,07483531539,Archbishop of Canterbury The,Biological Computing
589,Jena,Ragbourne,jragbournegc@jigsy.com,07225264815,Harper Adams University,Mathematics
590,Joyce,Mantripp,jmantrippgd@freewebs.com,07976881882,University of St Mark and St John Plymouth,Biological Computing
591,Pauly,Kinglesyd,pkinglesydge@paginegialle.it,07381934112,Archbishop of Canterbury The,Machine Learning
592,Harrietta,Jays,hjaysgf@wisc.edu,07526967564,University of South Wales (Prifysgol De Cymru),Teaching
593,Trudi,Cousens,tcousensgg@creativecommons.org,07926138357,London Chool of Hygiene and Tropical Medicine,Biological Computing
594,Gannie,Kilius,gkiliusgh@europa.eu,07455615444,University of the West of England Bristol,Teaching
595,Thorstein,Ferrone,tferronegi@prlog.org,07423144636,University of Suffolk,Biological Computing
596,Bertram,Burmingham,bburminghamgj@huffingtonpost.com,07769781962,University of Hertfordshire,Mathematics
597,Layne,Itscovitz,litscovitzgk@wunderground.com,07488115284,University of Huddersfield,Machine Learning
598,Lenard,Greenland,lgreenlandgl@hp.com,07422414712,University of the West of England Bristol,Cloud Computing
599,Panchito,Gadney,pgadneygm@amazon.co.uk,07738833288,Trinity Laban Conservatoire of Music and Dance,Mathematics
600,Blinny,Cowely,bcowelygn@vinaora.com,07731242868,Coventry University,Teaching
601,Jilly,Hardistry,jhardistrygo@reference.com,07288149791,Royal Holloway University of London,Risk Management
602,Gillan,Jeary,gjearygp@jalbum.net,07735869652,University of Westminster,Information Systems
603,Wilow,Steger,wstegergq@mac.com,07927796585,Royal Northern College of Music,Teaching
604,Norby,Bodicam,nbodicamgr@tinyurl.com,07446721345,Harper Adams University,Biological Computing
605,Halie,Clemencon,hclemencongs@usatoday.com,07288727824,Writtel University College,Mathematics
606,Ansley,Jimeno,ajimenogt@biblegateway.com,07283246724,University of Oxford,Machine Learning
607,Horatius,Becaris,hbecarisgu@bizjournals.com,07929651495,Falmouth University,Mathematics
608,Ronnie,Van't Hoff,rvanthoffgv@goo.gl,07922942175,University of Buckingham,Biological Computing
609,Jewell,Bosse,jbossegw@jugem.jp,07796172452,De Montfort University,Risk Management
610,Jordanna,Slade,jsladegx@auda.org.au,07814313775,Kingston University,Mathematics
611,Benjie,Aslie,basliegy@ifeng.com,07152644382,St Mary’s University Twickenham,Machine Learning
612,Cherrita,O'Carrol,cocarrolgz@discuz.net,07323914572,Imperial College of Science Technology and Medicine (known as Imperial College of London),Teaching
613,Chadwick,Fursey,cfurseyh0@census.gov,07891894687,University of Kent,Information Systems
614,Prescott,Bister,pbisterh1@multiply.com,07327721927,University of Oxford,Cloud Computing
615,Hobie,Rollason,hrollasonh2@army.mil,07815568755,Liverpool School of Tropical Medicine,Risk Management
616,Meade,Offin,moffinh3@de.vu,07947124313,NCG,Risk Management
617,Gunar,Keeri,gkeerih4@nih.gov,07649188424,BPP University,Biological Computing
618,Chris,Masham,cmashamh5@youtube.com,07275988196,Archbishop of Canterbury The,Biological Computing
619,Arleta,Kyles,akylesh6@mail.ru,07961675838,Cardiff university (Prifysgol Caerdydd),Risk Management
620,Harald,Buckberry,hbuckberryh7@fema.gov,07472763989,University of Gloucestershire,Mathematics
621,Natasha,Brokenshire,nbrokenshireh8@seattletimes.com,07118159638,Royal College of Nursing,Mathematics
622,Alden,Badwick,abadwickh9@forbes.com,07159166553,Queen Margaret University Edinburgh,Biological Computing
623,Ettie,Caller,ecallerha@shareasale.com,07178157295,Canterbury Christ Church University,Teaching
624,Orelee,Ellicombe,oellicombehb@ibm.com,07762771442,Cardiff university (Prifysgol Caerdydd),Risk Management
625,Maridel,Vickers,mvickershc@1688.com,07119349138,University of Surrey,Cloud Computing
626,Kenneth,Feore,kfeorehd@buzzfeed.com,07443259231,Arts University Bournemouth,Machine Learning
627,Barby,McPake,bmcpakehe@ocn.ne.jp,07471746999,University of Central Lancashire,Information Systems
628,Domini,Bareford,dbarefordhf@google.com.hk,07579611863,University of Lincoln,Teaching
629,Hyatt,Gehricke,hgehrickehg@sbwire.com,07322935591,University College London,Teaching
630,Marrissa,Pace,mpacehh@youtu.be,07155692465,Liverpool School of Tropical Medicine,Information Systems
631,Ingaborg,Burchill,iburchillhi@last.fm,07767296539,Loughborough University,Machine Learning
632,Eolanda,Patchett,epatchetthj@nyu.edu,07974325294,Bath Spa University,Machine Learning
633,Ivonne,Dee,ideehk@example.com,07144893598,University of Wolverhampton,Risk Management
634,Cybill,Broomhead,cbroomheadhl@deviantart.com,07215851141,Falmouth University,Machine Learning
635,Avivah,Vowell,avowellhm@dagondesign.com,07623634343,Bath Spa University,Mathematics
636,Lisha,Crossman,lcrossmanhn@webeden.co.uk,07113782671,York St John University,Cloud Computing
637,Sapphira,Braime,sbraimeho@sciencedaily.com,07575918653,Leeds Becket Uinversity (foremer Leeds Metropolitan University),Mathematics
638,Dare,Oakey,doakeyhp@usda.gov,07692886855,Royal College of Art,Information Systems
639,Nickola,Niccols,nniccolshq@paginegialle.it,07797557381,School of Oriental and African Studies (SOAS) University of London,Teaching
640,Julee,Korpolak,jkorpolakhr@flickr.com,07261894482,Northumbria University Newcastle,Mathematics
641,Germain,Illidge,gillidgehs@examiner.com,07195961912,Cardiff Metropolitan University (Prifysgol Metropolitan Caerdydd),Machine Learning
642,Torey,Whewell,twhewellht@google.fr,07237695748,University of East Anglia,Information Systems
643,Lucina,Abelson,labelsonhu@ed.gov,07872478238,University of Buckingham,Cloud Computing
644,Marika,Agglione,magglionehv@alexa.com,07119486269,Brunel University London,Teaching
645,Burlie,Derrington,bderringtonhw@surveymonkey.com,07966833722,London South Bank University,Teaching
646,Jayme,Cheers,jcheershx@studiopress.com,07838734485,Open University,Cloud Computing
647,Andrei,Wilber,awilberhy@prweb.com,07252247429,Goldsmiths University of London,Teaching
648,Esmeralda,Cossins,ecossinshz@boston.com,07863693245,University of the Highlands and Islands,Biological Computing
649,Madella,Klasen,mklaseni0@apache.org,07453637132,Rose Bruford College of Theatre and Performance,Machine Learning
650,Ric,Cumberledge,rcumberledgei1@seattletimes.com,07116116971,BPP University,Information Systems
651,Carri,Heyball,cheyballi2@technorati.com,07123824796,Courtauld Institute of Art (degrees awarded by University of London),Information Systems
652,Northrop,Lisett,nlisetti3@mtv.com,07964433525,University of Sunderland,Teaching
653,Jan,Kinavan,jkinavani4@skype.com,07586884316,City University London,Biological Computing
654,Thacher,Zeplin,tzeplini5@squidoo.com,07472139516,Anglo-European College of Chiropractic,Information Systems
655,Denni,Andell,dandelli6@lulu.com,07565462886,Royal Academy of Music,Biological Computing
656,Bobby,Linster,blinsteri7@army.mil,07176888175,Royal Northern College of Music,Mathematics
657,Idell,Basilone,ibasilonei8@mediafire.com,07165415924,Middlesex University,Information Systems
658,Marcello,Alldritt,malldritti9@samsung.com,07921442169,Royal Central School of Speech and Drama (University of London),Mathematics
659,Tadeas,Gariff,tgariffia@smugmug.com,07518444747,University of Dundee,Biological Computing
660,Gwennie,Braundt,gbraundtib@phpbb.com,07317219735,Rose Bruford College of Theatre and Performance,Mathematics
661,Lou,Reichhardt,lreichhardtic@nsw.gov.au,07811443347,London South Bank University,Machine Learning
662,Timmi,Ottawell,tottawellid@ucoz.ru,07971798766,Royal Northern College of Music,Information Systems
663,Estevan,Huckleby,ehucklebyie@dailymail.co.uk,07628467739,University of Leicester,Information Systems
664,Petra,Curley,pcurleyif@ustream.tv,07276152298,Birmingham City University,Biological Computing
665,Jud,Carhart,jcarhartig@cnn.com,07366155797,Teesside University,Biological Computing
666,Gwen,Godmer,ggodmerih@creativecommons.org,07537181889,Heythrop College (degrees awarded by University of London),Teaching
667,Harlan,McKie,hmckieii@nymag.com,07523416275,Hartpury College,Information Systems
668,Mary,Eeles,meelesij@google.co.uk,07972496935,University of Edinburgh,Risk Management
669,Graehme,Joslyn,gjoslynik@jigsy.com,07968274741,Ravensbourne,Information Systems
670,Smith,Jest,sjestil@shutterfly.com,07897877793,Royal Veterinary College,Risk Management
671,Cinderella,Lashmar,clashmarim@hugedomains.com,07912662166,University of South Wales (Prifysgol De Cymru),Biological Computing
672,Ole,Lathe,olathein@nps.gov,07548226768,University of the Arts London,Teaching
673,Nevile,Sporrij,nsporrijio@wisc.edu,07741666199,London School of Economics and Political Science,Risk Management
674,Trudie,Border,tborderip@bbc.co.uk,07512875129,University of Bedfordshire,Teaching
675,Karina,Woolford,kwoolfordiq@wunderground.com,07314457497,Queen Mary University of London,Cloud Computing
676,Meghann,Smithin,msmithinir@w3.org,07562111287,Lancaster University,Machine Learning
677,Chantalle,Storr,cstorris@ask.com,07579742697,University of Salford,Mathematics
678,Shalna,Deme,sdemeit@jiathis.com,07315118213,University of Bristol,Cloud Computing
679,Klarika,Whittlesee,kwhittleseeiu@ucoz.com,07914716725,University of Law,Mathematics
680,Evangelina,Moysey,emoyseyiv@typepad.com,07893759839,University of the West of Scotland,Teaching
681,Far,Boothman,fboothmaniw@rediff.com,07465414675,Trinity Laban Conservatoire of Music and Dance,Information Systems
682,Cheslie,Knudsen,cknudsenix@walmart.com,07124684318,Imperial College of Science Technology and Medicine (known as Imperial College of London),Biological Computing
683,Jeralee,Bodsworth,jbodsworthiy@dot.gov,07985866654,Regent’s University London,Teaching
684,Griz,Denidge,gdenidgeiz@cnet.com,07185965957,BPP University,Biological Computing
685,Elfrieda,Sivorn,esivornj0@artisteer.com,07767282319,Ashridge Business School,Teaching
686,Beryle,Purshouse,bpurshousej1@tinyurl.com,07849282212,Aberystwyth University (Prifysgol Aberystwyth),Mathematics
687,Rafi,Kerswill,rkerswillj2@auda.org.au,07641881643,University of Westminster,Mathematics
688,Emera,Winton,ewintonj3@vinaora.com,07199493338,University of South Wales (Prifysgol De Cymru),Cloud Computing
689,Clarie,Dorkin,cdorkinj4@constantcontact.com,07415117362,Rose Bruford College of Theatre and Performance,Biological Computing
690,Catharina,Dracey,cdraceyj5@addtoany.com,07936591465,University of Southampton,Biological Computing
691,Gifford,Oldacre,goldacrej6@flickr.com,07667998313,Anglo-European College of Chiropractic,Machine Learning
692,Lorraine,Glencrash,lglencrashj7@cam.ac.uk,07189722228,Lancaster University,Biological Computing
693,Caterina,Blei,cbleij8@unicef.org,07264562497,University of Cumbria,Mathematics
694,Heath,Pingstone,hpingstonej9@nydailynews.com,07195726767,Goldsmiths University of London,Mathematics
695,Nanete,Cazalet,ncazaletja@stumbleupon.com,07386481882,Keele University,Cloud Computing
696,Shaw,Lally,slallyjb@slideshare.net,07898238426,University of St Mark and St John Plymouth,Cloud Computing
697,Seumas,Bett,sbettjc@hugedomains.com,07296657256,University of Leeds,Biological Computing
698,Sansone,Pre,sprejd@livejournal.com,07557241613,London Business School,Teaching
699,Stu,Patington,spatingtonje@so-net.ne.jp,07853979771,University of Wales Trinity Saint David (Prifysgol Cymry Y Drindod Dewi Sant),Information Systems
700,Harris,McComish,hmccomishjf@shop-pro.jp,07387829277,Goldsmiths University of London,Machine Learning
701,Saidee,Northfield,snorthfieldjg@phoca.cz,07278846932,Middlesex University,Risk Management
702,Dannye,Moret,dmoretjh@free.fr,07727453861,Solent University,Information Systems
703,Ingunna,Ciric,iciricji@ebay.com,07653434838,Nottingham Trent University,Mathematics
704,Marilee,Chelam,mchelamjj@sphinn.com,07456964133,University of Leeds,Biological Computing
705,Giorgio,Pallister,gpallisterjk@desdev.cn,07114195225,Royal College of Music,Cloud Computing
706,Jacklyn,Folger,jfolgerjl@comcast.net,07715379815,London Metropolitan University,Mathematics
707,Cherida,Flanaghan,cflanaghanjm@narod.ru,07185342764,Solent University,Teaching
708,Worthington,Hunton,whuntonjn@shop-pro.jp,07741393615,Abertay University (former University of Abertay Dundee),Machine Learning
709,Tedda,Woodfield,twoodfieldjo@cbc.ca,07689824522,University College London,Teaching
710,Alexandros,Braghini,abraghinijp@typepad.com,07624644212,Queen Margaret University Edinburgh,Teaching
711,Chelsey,Bowery,cboweryjq@nationalgeographic.com,07238312723,Heythrop College (degrees awarded by University of London),Information Systems
712,Teresina,Castanie,tcastaniejr@uol.com.br,07585941516,Manchester Metropolitan University,Risk Management
713,Aurelie,Meikle,ameiklejs@imgur.com,07557858699,Royal Holloway University of London,Cloud Computing
714,Haslett,Whiteley,hwhiteleyjt@baidu.com,07333841252,Writtel University College,Mathematics
715,Pebrook,Agates,pagatesju@bandcamp.com,07236447646,Edge Hill University,Machine Learning
716,Ibby,McInulty,imcinultyjv@weibo.com,07542531614,Coventry University,Teaching
717,Ermina,Ridgedell,eridgedelljw@sogou.com,07818847769,St George’s University of London,Biological Computing
718,Nilson,Nutton,nnuttonjx@sogou.com,07161668695,Staffordshire University,Information Systems
719,Flinn,Halt,fhaltjy@twitter.com,07662268879,Solent University,Cloud Computing
720,Kimbell,Dobeson,kdobesonjz@eepurl.com,07265552815,Kingston University,Risk Management
721,Cristi,Loache,cloachek0@foxnews.com,07326297347,NCG,Teaching
722,Brooks,Goulston,bgoulstonk1@hostgator.com,07494256329,University of Hull,Biological Computing
723,Karel,Buzza,kbuzzak2@phoca.cz,07632147727,Birkbeck Uiversity of London,Biological Computing
724,Zacherie,Bodesson,zbodessonk3@facebook.com,07365894573,Institute of Education University of London,Risk Management
725,Ginger,Goodridge,ggoodridgek4@gizmodo.com,07746596137,University of Sussex,Biological Computing
726,Barton,Dionisio,bdionisiok5@yahoo.co.jp,07811433189,London Business School,Risk Management
727,Philippa,Gallie,pgalliek6@cbslocal.com,07993976688,London Business School,Biological Computing
728,Lotti,McKeaney,lmckeaneyk7@google.pl,07273254842,University of Ulster,Biological Computing
729,Ferrel,Gianinotti,fgianinottik8@google.cn,07841969342,Norwich University of the Arts,Information Systems
730,Nettle,Craze,ncrazek9@bizjournals.com,07431295826,University of Winchester,Biological Computing
731,Rodolphe,Leishman,rleishmanka@reuters.com,07483782833,Kingston University,Teaching
732,Ralina,Lineen,rlineenkb@woothemes.com,07411346849,De Montfort University,Machine Learning
733,Cordie,Lanigan,clanigankc@barnesandnoble.com,07626261156,Norwich University of the Arts,Biological Computing
734,Todd,Nowak,tnowakkd@aboutads.info,07164885176,University of St Andrews,Teaching
735,Anne-corinne,Timlett,atimlettke@vimeo.com,07469366588,University of Winchester,Risk Management
736,Arvy,Clay,aclaykf@woothemes.com,07871737591,Sheffield Hallam University,Mathematics
737,Frasier,Johl,fjohlkg@fema.gov,07692575364,London South Bank University,Teaching
738,Lolita,Gelderd,lgelderdkh@free.fr,07249139119,University of Southampton,Risk Management
739,Isac,Learoid,ilearoidki@amazon.co.jp,07257141137,University of York,Mathematics
740,Brigham,Rhelton,brheltonkj@nbcnews.com,07627534752,London School of Economics and Political Science,Cloud Computing
741,Filmore,MacConneely,fmacconneelykk@php.net,07623389564,Loughborough University,Machine Learning
742,Marianne,Hanham,mhanhamkl@aboutads.info,07649833825,Falmouth University,Risk Management
743,Felice,Lethieulier,flethieulierkm@cnbc.com,07529341549,Liverpool School of Tropical Medicine,Information Systems
744,Verene,Winney,vwinneykn@microsoft.com,07789975881,Birkbeck Uiversity of London,Machine Learning
745,Felipa,Abelovitz,fabelovitzko@skype.com,07687384972,University of Exter,Mathematics
746,Quintilla,Wondraschek,qwondraschekkp@hud.gov,07429633464,University of Oxford,Teaching
747,Pippy,Godson,pgodsonkq@lycos.com,07562784345,School of Oriental and African Studies (SOAS) University of London,Risk Management
748,Gus,Caple,gcaplekr@youku.com,07736556919,University of Bath,Risk Management
749,Berkie,Druce,bdruceks@alibaba.com,07847233223,Ravensbourne,Information Systems
750,Nataline,Hutchin,nhutchinkt@nsw.gov.au,07289524422,Glasgow Caledonian University,Biological Computing
751,Adiana,Cella,acellaku@acquirethisname.com,07391959744,Royal Academy of Music,Information Systems
752,Sabra,Hutcheson,shutchesonkv@ihg.com,07641797476,University of Derby,Biological Computing
753,Calida,Bilby,cbilbykw@walmart.com,07339642327,University of Winchester,Machine Learning
754,Grange,Been,gbeenkx@discovery.com,07598578131,Newcastle University,Teaching
755,Saree,Mannakee,smannakeeky@wikia.com,07826722556,King’s College London,Information Systems
756,Sharlene,Trice,stricekz@narod.ru,07467775743,Trinity Laban Conservatoire of Music and Dance,Cloud Computing
757,Roanne,Drysdale,rdrysdalel0@parallels.com,07524685692,University of Salford,Machine Learning
758,Hardy,Broomhall,hbroomhalll1@de.vu,07745191941,University of Bath,Risk Management
759,Lincoln,Tregido,ltregidol2@mail.ru,07285876594,Teesside University,Biological Computing
760,Cordi,Reckus,creckusl3@jimdo.com,07418361581,University of Chester,Cloud Computing
761,Nelli,Garnson,ngarnsonl4@cisco.com,07366176171,Keele University,Risk Management
762,Kimberlyn,Martinson,kmartinsonl5@issuu.com,07698126263,NCG,Cloud Computing
763,Nikola,Bromehead,nbromeheadl6@wordpress.org,07372228331,University of the Highlands and Islands,Risk Management
764,Weider,Ramsay,wramsayl7@cloudflare.com,07722714529,Sheffield Hallam University,Risk Management
765,Matthieu,Kyteley,mkyteleyl8@hubpages.com,07359239857,University of Hull,Teaching
766,Alidia,Donati,adonatil9@instagram.com,07423252949,University of Bath,Risk Management
767,Andres,Smallsman,asmallsmanla@shutterfly.com,07814919452,University of Warwick,Information Systems
768,Cos,Corbyn,ccorbynlb@wix.com,07374265826,University of Bristol,Cloud Computing
769,Tracee,Terrett,tterrettlc@virginia.edu,07541632353,Bournemouth University,Biological Computing
770,Ardelia,Touson,atousonld@geocities.jp,07372421955,Leeds Becket Uinversity (foremer Leeds Metropolitan University),Biological Computing
771,Mae,Voller,mvollerle@skype.com,07893826824,University of West London,Biological Computing
772,Jobyna,Carrett,jcarrettlf@apache.org,07649372735,Royal Holloway University of London,Machine Learning
773,Edouard,Harnor,eharnorlg@cisco.com,07215789297,Hartpury College,Risk Management
774,Joanne,Kamen,jkamenlh@shop-pro.jp,07422778869,University of Southampton,Mathematics
775,Shandie,Seabert,sseabertli@hao123.com,07945576467,University of Law,Risk Management
776,Belinda,Godding,bgoddinglj@google.nl,07622839624,University College of Osteopathy,Cloud Computing
777,Charisse,Verrechia,cverrechialk@bigcartel.com,07785425181,Open University,Teaching
778,Buddie,Harteley,bharteleyll@reverbnation.com,07978695369,Canterbury Christ Church University,Mathematics
779,Clea,Kynnd,ckynndlm@dedecms.com,07442869468,University of Wolverhampton,Teaching
780,Ely,Dishman,edishmanln@multiply.com,07349219685,Brunel University London,Mathematics
781,Gigi,Kirsz,gkirszlo@hubpages.com,07146424591,Canterbury Christ Church University,Mathematics
782,Lenna,Reditt,lredittlp@dyndns.org,07826245444,Ashridge Business School,Biological Computing
783,Leontyne,Dowyer,ldowyerlq@constantcontact.com,07785734692,Swansea University (Prifysgol Abertawe),Machine Learning
784,Darrin,Corson,dcorsonlr@cnbc.com,07849185852,Edinburgh Napier University,Information Systems
785,Codie,Collishaw,ccollishawls@google.pl,07787335313,Leeds College of Art,Teaching
786,Artemas,Haffner,ahaffnerlt@istockphoto.com,07718756811,Portsmouth University,Risk Management
787,Deirdre,Peile,dpeilelu@wikispaces.com,07828471211,Queen Mary University of London,Cloud Computing
788,Frederik,Petruska,fpetruskalv@adobe.com,07985188796,De Montfort University,Machine Learning
789,Benedikt,Waddams,bwaddamslw@hao123.com,07596969348,King’s College London,Machine Learning
790,Elizabeth,Dunwoody,edunwoodylx@mapy.cz,07768522787,University of Exter,Machine Learning
791,Anette,Aaron,aaaronly@tamu.edu,07653265482,NCG,Teaching
792,Fulvia,Batchelour,fbatchelourlz@issuu.com,07171822782,Rose Bruford College of Theatre and Performance,Cloud Computing
793,Tiena,Gamet,tgametm0@disqus.com,07835487398,Portsmouth University,Information Systems
794,Germana,Brumfitt,gbrumfittm1@tuttocitta.it,07219121978,Plymouth University,Biological Computing
795,Erich,Dooher,edooherm2@ustream.tv,07366626712,University of East London,Machine Learning
796,Frank,Olsen,folsenm3@macromedia.com,07158568641,Teesside University,Information Systems
797,Shay,Twydell,stwydellm4@ustream.tv,07726854771,University of Chichester,Risk Management
798,Archibold,Boodle,aboodlem5@odnoklassniki.ru,07791414746,University of West London,Information Systems
799,Josefina,Freeman,jfreemanm6@alexa.com,07944185211,University of Hertfordshire,Machine Learning
800,Drusi,Lepper,dlepperm7@ftc.gov,07384491494,University of Lincoln,Cloud Computing
801,Tawnya,Weagener,tweagenerm8@wunderground.com,07466151182,Glyndŵr University (Prifysgol Glyndŵr),Information Systems
802,Kelley,Spofforth,kspofforthm9@sitemeter.com,07493287273,Kingston University,Information Systems
803,Kamilah,Blackwell,kblackwellma@nature.com,07688421777,University of Southampton,Biological Computing
804,Georgina,Arnett,garnettmb@freewebs.com,07693165247,Canterbury Christ Church University,Biological Computing
805,Jordana,Bidmead,jbidmeadmc@engadget.com,07745349328,University of Westminster,Machine Learning
806,Jessy,Barke,jbarkemd@ow.ly,07338452734,Anglo-European College of Chiropractic,Cloud Computing
807,Minni,Winsper,mwinsperme@zimbio.com,07477159865,University College of Osteopathy,Machine Learning
808,Bertha,Simonian,bsimonianmf@mit.edu,07658363233,London Business School,Mathematics
809,Kerrin,O' Brian,kobrianmg@flickr.com,07651221948,Plymouth University,Mathematics
810,Aguie,Liver,alivermh@canalblog.com,07379552344,Canterbury Christ Church University,Risk Management
811,Jarrod,Kubala,jkubalami@deliciousdays.com,07167666865,University of Kent,Teaching
812,Raviv,Cucuzza,rcucuzzamj@springer.com,07824339333,University of Wales Trinity Saint David (Prifysgol Cymry Y Drindod Dewi Sant),Biological Computing
813,Gifford,Tidball,gtidballmk@biblegateway.com,07222957117,London Institute of Banking and Finance,Risk Management
814,Ari,Lipp,alippml@cam.ac.uk,07497361249,Abertay University (former University of Abertay Dundee),Cloud Computing
815,Shayne,Gass,sgassmm@php.net,07116583583,University College of Osteopathy,Teaching
816,Roda,Belshaw,rbelshawmn@photobucket.com,07864576612,University of Hertfordshire,Teaching
817,Hermann,Brewer,hbrewermo@discuz.net,07269666885,University of Manchester,Biological Computing
818,Cynthy,Pien,cpienmp@goodreads.com,07537146185,University of Roehampton,Biological Computing
819,Henryetta,Geraldi,hgeraldimq@acquirethisname.com,07625626917,University of East London,Teaching
820,Elfreda,Hutley,ehutleymr@berkeley.edu,07175798639,University of Dundee,Risk Management
821,Agustin,Ferrero,aferreroms@opensource.org,07326661489,University of Wales Trinity Saint David (Prifysgol Cymry Y Drindod Dewi Sant),Information Systems
822,Codi,Labrenz,clabrenzmt@mit.edu,07913744354,University of Sussex,Mathematics
823,Charis,Bowle,cbowlemu@cbc.ca,07776381674,University of the Arts London,Cloud Computing
824,Gertie,Spaduzza,gspaduzzamv@answers.com,07762586646,Cranfield University,Teaching
825,Sayre,Oakes,soakesmw@google.ru,07954422989,Manchester Metropolitan University,Risk Management
826,Christoforo,Overstone,coverstonemx@google.de,07717126227,Ravensbourne,Information Systems
827,Kaycee,Mafham,kmafhammy@w3.org,07431657535,Arts University Bournemouth,Mathematics
828,Graeme,Connar,gconnarmz@list-manage.com,07886258248,Durham University,Information Systems
829,Corny,Lockett,clockettn0@free.fr,07544793956,Arts University Bournemouth,Risk Management
830,Saxon,Schwanden,sschwandenn1@hp.com,07616642417,Swansea University (Prifysgol Abertawe),Information Systems
831,Donia,Proudlock,dproudlockn2@dailymotion.com,07831176268,Liverpool John Moores University,Teaching
832,Ayn,Burdell,aburdelln3@sfgate.com,07153459787,City University London,Machine Learning
833,Graham,Wilber,gwilbern4@infoseek.co.jp,07349661397,St Mary’s University Twickenham,Machine Learning
834,Morna,Ciccone,mcicconen5@devhub.com,07767346384,University of Wales (Prifysgol Cymru),Machine Learning
835,Wini,Jarritt,wjarrittn6@cbc.ca,07378727446,University College London,Risk Management
836,Morey,Atkins,matkinsn7@unblog.fr,07398344128,University of Huddersfield,Biological Computing
837,Sarene,Arthur,sarthurn8@friendfeed.com,07845811166,Portsmouth University,Mathematics
838,Isacco,Soule,isoulen9@opensource.org,07612192925,University of West London,Cloud Computing
839,Nora,Cariss,ncarissna@chron.com,07123764898,Leeds Becket Uinversity (foremer Leeds Metropolitan University),Information Systems
840,Ellette,Olesen,eolesennb@google.pl,07747689441,University of Leeds,Mathematics
841,Sib,Caddy,scaddync@bigcartel.com,07342321184,Norwich University of the Arts,Information Systems
842,Shanie,Fonte,sfontend@skype.com,07998798961,Kingston University,Cloud Computing
843,Etta,Proby,eprobyne@163.com,07151877936,BPP University,Teaching
844,Rhodia,Capehorn,rcapehornnf@moonfruit.com,07417515662,University of Sussex,Teaching
845,Ada,Eldin,aeldinng@omniture.com,07525662362,Guildhall School of Music and Drama,Biological Computing
846,Josephina,Krolik,jkroliknh@geocities.jp,07886425993,University of Liverpool,Information Systems
847,Hurley,Taillard,htaillardni@reuters.com,07728939148,Royal Agricultural University,Mathematics
848,Jareb,Percy,jpercynj@tiny.cc,07522848837,BPP University,Risk Management
849,Konstantine,Lomasney,klomasneynk@accuweather.com,07635135433,Heythrop College (degrees awarded by University of London),Biological Computing
850,Mord,MacClinton,mmacclintonnl@illinois.edu,07727298565,Aberystwyth University (Prifysgol Aberystwyth),Cloud Computing
851,Imogene,Kuhnwald,ikuhnwaldnm@ameblo.jp,07682919261,Queen Mary University of London,Biological Computing
852,Kendall,Barchrameev,kbarchrameevnn@loc.gov,07825624968,University for the Creative Arts,Risk Management
853,Thomasine,Phelipeau,tphelipeauno@bbc.co.uk,07518959244,University of Bath,Biological Computing
854,Dorise,Smythe,dsmythenp@pagesperso-orange.fr,07314679832,University College London,Mathematics
855,Hayward,Dwire,hdwirenq@yandex.ru,07824434829,Coventry University,Risk Management
856,Town,Youd,tyoudnr@studiopress.com,07161134254,Oxford Brookes University,Cloud Computing
857,Lowrance,Detoc,ldetocns@reverbnation.com,07393579818,Royal Northern College of Music,Risk Management
858,Arabella,Chastey,achasteynt@usnews.com,07258752182,Teesside University,Cloud Computing
859,Yettie,Katzmann,ykatzmannnu@github.io,07228234144,Cardiff Metropolitan University (Prifysgol Metropolitan Caerdydd),Risk Management
860,Kanya,Scholz,kscholznv@hc360.com,07499766843,University of Huddersfield,Information Systems
861,Kat,Skeen,kskeennw@harvard.edu,07345556528,University of Oxford,Machine Learning
862,Lorilee,Weekley,lweekleynx@noaa.gov,07351576175,University of Westminster,Risk Management
863,Lauree,Niset,lnisetny@bizjournals.com,07979175645,University of Stirling,Mathematics
864,Tedman,Ludmann,tludmannnz@businesswire.com,07112191933,Robert Gordon University Aberdeen,Teaching
865,Keane,Packman,kpackmano0@yandex.ru,07299389919,Liverpool School of Tropical Medicine,Risk Management
866,Merlina,Sheehan,msheehano1@telegraph.co.uk,07962684627,Edge Hill University,Machine Learning
867,Nicholle,Lergan,nlergano2@posterous.com,07822315747,Heriot-Watt University,Mathematics
868,Vail,Ebertz,vebertzo3@ifeng.com,07748291232,University of Wales (Prifysgol Cymru),Cloud Computing
869,Jamey,Predohl,jpredohlo4@reference.com,07614819911,University of Southampton,Machine Learning
870,Rorke,Grosvener,rgrosvenero5@uol.com.br,07377576341,Sheffield Hallam University,Mathematics
871,Robin,Starcks,rstarckso6@businessweek.com,07358743438,Bath Spa University,Biological Computing
872,Aubrey,Weson,awesono7@fastcompany.com,07722417892,University College of Estate Management,Risk Management
873,Carie,Hannaford,channafordo8@biblegateway.com,07152955615,Royal Northern College of Music,Biological Computing
874,Bryn,Oppie,boppieo9@foxnews.com,07299573472,Middlesex University,Mathematics
875,Malia,Ackenhead,mackenheadoa@reference.com,07458431617,Harper Adams University,Teaching
876,Eimile,Burr,eburrob@umn.edu,07293451397,Uiversity of Brighton,Teaching
877,Shalom,Passingham,spassinghamoc@theguardian.com,07695765469,Edinburgh Napier University,Teaching
878,Corilla,Bosnell,cbosnellod@google.co.uk,07249723447,Norwich University of the Arts,Cloud Computing
879,Alvera,Mingey,amingeyoe@sakura.ne.jp,07177868897,Guildhall School of Music and Drama,Risk Management
880,Kamila,Mandel,kmandelof@narod.ru,07671555489,Teesside University,Biological Computing
881,Claire,Priddle,cpriddleog@sakura.ne.jp,07648342498,University of the West of England Bristol,Teaching
882,Rogerio,Spittles,rspittlesoh@cbsnews.com,07689826978,University of Warwick,Risk Management
883,Roanne,Maudlen,rmaudlenoi@sbwire.com,07256437973,University of Hertfordshire,Cloud Computing
884,Tucky,Lindell,tlindelloj@apple.com,07815314994,University of Nottingham,Information Systems
885,Lydie,Kernan,lkernanok@uol.com.br,07427296351,University of Stirling,Cloud Computing
886,Andres,Callis,acallisol@e-recht24.de,07265658295,University of Worcester,Biological Computing
887,Egbert,MacKim,emackimom@sphinn.com,07383266866,University of Southampton,Machine Learning
888,Ase,Potts,apottson@latimes.com,07934519845,University of Aberdeen,Information Systems
889,Hephzibah,Grebbin,hgrebbinoo@google.nl,07438495216,Canterbury Christ Church University,Teaching
890,Jacklyn,Dudin,jdudinop@webeden.co.uk,07489658258,Sheffield Hallam University,Risk Management
891,Nikoletta,Hadigate,nhadigateoq@g.co,07237245131,Coventry University,Risk Management
892,Mylo,Millmoe,mmillmoeor@de.vu,07858334547,Kingston University,Cloud Computing
893,Danie,Carrabot,dcarrabotos@e-recht24.de,07536585662,University of Kent,Teaching
894,Elsa,Boolsen,eboolsenot@aboutads.info,07399813894,University of Oxford,Mathematics
895,Coralie,Curzey,ccurzeyou@creativecommons.org,07966452246,Arts University Bournemouth,Information Systems
896,Elfreda,Bowdon,ebowdonov@irs.gov,07582177615,London South Bank University,Machine Learning
897,Frannie,Gostridge,fgostridgeow@infoseek.co.jp,07649122779,University of Worcester,Information Systems
898,Chaim,Thow,cthowox@ovh.net,07614168731,Manchester Metropolitan University,Machine Learning
899,Ginevra,Uttridge,guttridgeoy@wiley.com,07666295272,University of Gloucestershire,Biological Computing
900,Mattie,Nudde,mnuddeoz@tripod.com,07211443439,Middlesex University,Biological Computing
901,Danette,Rosindill,drosindillp0@edublogs.org,07218444722,Newcastle University,Teaching
902,Efrem,Summerhayes,esummerhayesp1@sourceforge.net,07944283145,Hartpury College,Biological Computing
903,Nanine,Adamoli,nadamolip2@fema.gov,07636611534,University of Essex,Teaching
904,Esta,McComiskey,emccomiskeyp3@imgur.com,07979611578,Royal Holloway University of London,Mathematics
905,Arline,Josey,ajoseyp4@edublogs.org,07365287622,University of West London,Cloud Computing
906,Carson,Oldall,coldallp5@constantcontact.com,07283348775,University of Cambridge,Risk Management
907,Gavrielle,MacDunleavy,gmacdunleavyp6@amazon.co.uk,07424773941,University of Greenwich,Teaching
908,Hillyer,Proudlock,hproudlockp7@harvard.edu,07641445678,University of the West of England Bristol,Biological Computing
909,Caitlin,Fripps,cfrippsp8@berkeley.edu,07959893636,University of Nottingham,Cloud Computing
910,Fran,Cough,fcoughp9@jugem.jp,07971289272,London Chool of Hygiene and Tropical Medicine,Machine Learning
911,Vale,Tainton,vtaintonpa@uiuc.edu,07489934744,University of St Andrews,Mathematics
912,Wilhelmine,Arkow,warkowpb@soup.io,07444673947,Portsmouth University,Information Systems
913,Gwenni,Smeaton,gsmeatonpc@umn.edu,07212552818,University of St Andrews,Cloud Computing
914,Beverlee,Chene,bchenepd@time.com,07318367892,University of Cambridge,Risk Management
915,Hedvig,Matches,hmatchespe@jiathis.com,07546564873,University of Sunderland,Machine Learning
916,Steward,Claxson,sclaxsonpf@goodreads.com,07114462946,University of Chester,Mathematics
917,Bryan,Marklund,bmarklundpg@dyndns.org,07319651433,Hartpury College,Cloud Computing
918,Lothaire,Woolfoot,lwoolfootph@dagondesign.com,07767479778,Royal Veterinary College,Biological Computing
919,Inez,Hammerberg,ihammerbergpi@blogspot.com,07814344151,Open University,Mathematics
920,Susann,Pelman,spelmanpj@gizmodo.com,07695545227,University of York,Teaching
921,Waldo,Tapply,wtapplypk@netlog.com,07295376437,Robert Gordon University Aberdeen,Cloud Computing
922,Enrika,Ottawell,eottawellpl@nbcnews.com,07485956934,University of Southampton,Risk Management
923,Phylys,Daunay,pdaunaypm@usgs.gov,07498497756,University of Bolton,Risk Management
924,Hymie,Bown,hbownpn@ftc.gov,07847619841,Nottingham Trent University,Risk Management
925,Derick,Gerrard,dgerrardpo@amazonaws.com,07632512675,Anglo-European College of Chiropractic,Mathematics
926,Mirilla,Quixley,mquixleypp@last.fm,07394687818,Sheffield Hallam University,Information Systems
927,Hinze,McHenry,hmchenrypq@simplemachines.org,07467527939,NCG,Teaching
928,Sephira,Troy,stroypr@freewebs.com,07431833373,London Metropolitan University,Cloud Computing
929,Cory,Palluschek,cpalluschekps@marriott.com,07717823637,Manchester Metropolitan University,Information Systems
930,Jobi,Sones,jsonespt@nba.com,07448171352,University of Greenwich,Risk Management
931,Davis,Adamski,dadamskipu@jugem.jp,07226339482,University of Cumbria,Cloud Computing
932,Morganne,Quade,mquadepv@netscape.com,07597563273,University of Birmingham,Mathematics
933,Lorinda,Overington,loveringtonpw@fc2.com,07298748515,Leeds Becket Uinversity (foremer Leeds Metropolitan University),Risk Management
934,Tobye,Dankov,tdankovpx@issuu.com,07139625425,Heriot-Watt University,Machine Learning
935,Scott,Chauvey,schauveypy@youtube.com,07297121246,Ashridge Business School,Teaching
936,Conrade,Edwards,cedwardspz@google.co.uk,07175338987,Edge Hill University,Risk Management
937,Ricardo,Mockes,rmockesq0@ed.gov,07829762256,University of Hertfordshire,Information Systems
938,Cristionna,Nilles,cnillesq1@topsy.com,07978991395,Coventry University,Mathematics
939,Priscilla,Aggett,paggettq2@craigslist.org,07952137162,University of Roehampton,Machine Learning
940,Vickie,Jahnel,vjahnelq3@foxnews.com,07912167323,London South Bank University,Cloud Computing
941,Orelie,Boskell,oboskellq4@harvard.edu,07974332151,University of Wolverhampton,Mathematics
942,Franni,Archdeckne,farchdeckneq5@addthis.com,07354714993,School of Oriental and African Studies (SOAS) University of London,Mathematics
943,Gratiana,Mayall,gmayallq6@oakley.com,07944129184,Anglia Ruskin University,Mathematics
944,Pascal,Pechell,ppechellq7@sun.com,07457173687,Birmingham City University,Information Systems
945,Gusti,Castells,gcastellsq8@wikimedia.org,07289641834,University of Leicester,Information Systems
946,Dougie,Mingasson,dmingassonq9@tripadvisor.com,07247223411,Glasgow Caledonian University,Risk Management
947,Armando,Sibson,asibsonqa@ycombinator.com,07394159467,Royal Agricultural University,Mathematics
948,Delainey,Garlic,dgarlicqb@technorati.com,07388736545,Glasgow Caledonian University,Cloud Computing
949,Zilvia,Gannicott,zgannicottqc@harvard.edu,07268489567,Guildhall School of Music and Drama,Teaching
950,Bettina,Fittis,bfittisqd@reddit.com,07314781268,London Chool of Hygiene and Tropical Medicine,Machine Learning
951,Franky,Firk,ffirkqe@comsenz.com,07761512322,University of Nottingham,Teaching
952,Shurwood,Dicky,sdickyqf@addtoany.com,07529655454,Rose Bruford College of Theatre and Performance,Risk Management
953,Gwenette,Wallenger,gwallengerqg@myspace.com,07639784637,University of Sheffield,Machine Learning
954,Booth,Reschke,breschkeqh@salon.com,07734165598,Cardiff Metropolitan University (Prifysgol Metropolitan Caerdydd),Risk Management
955,Sibley,Varrow,svarrowqi@ovh.net,07939743326,University of East Anglia,Cloud Computing
956,Sonnie,Torrejon,storrejonqj@amazon.co.uk,07746694339,Lancaster University,Biological Computing
957,Pooh,Heathwood,pheathwoodqk@163.com,07897318357,Royal Holloway University of London,Information Systems
958,Flynn,Castrillo,fcastrilloql@techcrunch.com,07589858745,University of Bradford,Biological Computing
959,Trip,Youd,tyoudqm@eventbrite.com,07334182335,University of St Mark and St John Plymouth,Information Systems
960,Emilie,Cathel,ecathelqn@macromedia.com,07977634388,Hartpury College,Teaching
961,Sidoney,Hitzmann,shitzmannqo@xinhuanet.com,07561877189,Nottingham Trent University,Teaching
962,Inness,Barczewski,ibarczewskiqp@gov.uk,07924491462,Anglia Ruskin University,Machine Learning
963,Daloris,Sweedland,dsweedlandqq@deliciousdays.com,07677814662,University of Hull,Risk Management
964,Halley,Ruffler,hrufflerqr@wikimedia.org,07175343316,University of Derby,Teaching
965,Hastie,Wilcock,hwilcockqs@mysql.com,07539223448,Archbishop of Canterbury The,Mathematics
966,Davey,Simmon,dsimmonqt@taobao.com,07412511193,University of South Wales (Prifysgol De Cymru),Machine Learning
967,Doe,McCaig,dmccaigqu@auda.org.au,07124394118,Durham University,Biological Computing
968,Elia,Gaynes,egaynesqv@dyndns.org,07317659878,Newman University Birmingham,Mathematics
969,Seward,Hardinge,shardingeqw@youtu.be,07157381791,Glasgow Caledonian University,Biological Computing
970,Tabbi,MacClinton,tmacclintonqx@slideshare.net,07736495153,Arden University (former Resource Development International),Risk Management
971,Claire,Orrocks,corrocksqy@meetup.com,07397785527,University of Nottingham,Machine Learning
972,Ertha,Alyukin,ealyukinqz@g.co,07867958127,Royal Northern College of Music,Teaching
973,Adore,Sjostrom,asjostromr0@yahoo.co.jp,07838446179,University of East London,Teaching
974,Cammie,Mowatt,cmowattr1@webmd.com,07678223494,University of West London,Mathematics
975,Con,Fardoe,cfardoer2@so-net.ne.jp,07896458152,Ashridge Business School,Cloud Computing
976,Darelle,Dik,ddikr3@flavors.me,07421668541,University of Oxford,Machine Learning
977,Ricky,Piddick,rpiddickr4@unicef.org,07482346495,Queen Margaret University Edinburgh,Teaching
978,Hazel,Celes,hcelesr5@cnn.com,07617639856,Arden University (former Resource Development International),Risk Management
979,Heather,Bremley,hbremleyr6@yelp.com,07599586837,University of Central Lancashire,Mathematics
980,Neale,Robelin,nrobelinr7@dell.com,07315732672,Anglo-European College of Chiropractic,Teaching
981,Malena,Beveridge,mbeveridger8@g.co,07689715312,Royal Academy of Music,Information Systems
982,Ofelia,Brough,obroughr9@dailymail.co.uk,07182836449,University of Leeds,Biological Computing
983,Flora,Dulwich,fdulwichra@ibm.com,07449497255,University College of Estate Management,Teaching
984,Maure,Trafford,mtraffordrb@huffingtonpost.com,07723297595,Oxford Brookes University,Biological Computing
985,Kirsten,McClinton,kmcclintonrc@hao123.com,07194774136,University of Bristol,Teaching
986,Karia,Imlin,kimlinrd@icq.com,07967174831,University of Huddersfield,Cloud Computing
987,Clim,Goneau,cgoneaure@cpanel.net,07989917795,Royal Central School of Speech and Drama (University of London),Machine Learning
988,Cristionna,Gerrad,cgerradrf@home.pl,07376516947,University of the West of England Bristol,Cloud Computing
989,Deidre,Darington,ddaringtonrg@ameblo.jp,07333623899,University of Exter,Information Systems
990,Yasmin,Capper,ycapperrh@bloomberg.com,07157717943,Canterbury Christ Church University,Risk Management
991,Sheba,Gillingwater,sgillingwaterri@mayoclinic.com,07628943485,Solent University,Machine Learning
992,Kelcey,Conti,kcontirj@flickr.com,07943486312,Institute of Education University of London,Machine Learning
993,Tyne,Treace,ttreacerk@photobucket.com,07559847846,Lancaster University,Teaching
994,Dannie,Ingles,dinglesrl@lulu.com,07737246586,Regent’s University London,Biological Computing
995,Griffy,Quinnell,gquinnellrm@nifty.com,07283119245,Royal Conservatoire of Scotland,Risk Management
996,Rivkah,Handrick,rhandrickrn@adobe.com,07734575191,Brunel University London,Mathematics
997,Paquito,Briffett,pbriffettro@sphinn.com,07866375624,Royal College of Music,Teaching
998,Happy,Gommey,hgommeyrp@gov.uk,07696135988,NCG,Mathematics
999,Sybila,Shotter,sshotterrq@csmonitor.com,07257247716,Royal College of Art,Biological Computing
1000,Almeda,Vautre,avautrerr@harvard.edu,07839687952,NCG,Biological Computing
